stage,config_name,fold,valid_year,target_rate,iterations,learning_rate,depth,l2_leaf_reg,random_strength,bagging_temperature,rsm,raw_actual_rate,raw_constant_brier,raw_brier,raw_skill_margin,raw_pseudo_score,raw_auc,raw_logloss,raw_pred_mean,raw_pred_std,final_actual_rate,final_constant_brier,final_brier,final_skill_margin,final_pseudo_score,final_auc,final_logloss,final_pred_mean,final_pred_std
stage1,baseline_current,2019-2020_cal2021_valid2022,2022,0.5114727049981269,220,0.045,6,5.0,,,,0.5289204435249241,0.24916360794632167,0.24906209080176053,0.00010151714456113625,40.7431668684965,0.5324856858143385,0.6913031110776264,0.5443147913690605,0.05695720532425376,0.5289204435249241,0.24916360794632167,0.24894055749927693,0.00022305044704473698,89.51967299044315,0.5322787370048183,0.6910267618039342,0.5115676534729856,0.01099229483839128
stage1,baseline_current,2019-2021_cal2022_valid2023,2023,0.5276733290608981,220,0.045,6,5.0,,,,0.49995723449750534,0.24999999817111176,0.2540765927559245,-0.004076594584812715,0.0,0.5154708686332126,0.7018125133287548,0.5419201905674266,0.062106804902845376,0.49995723449750534,0.24999999817111176,0.25056802835099595,-0.000568030179884188,0.0,0.5153704840527471,0.694287061114121,0.527189297933662,0.014285022476808469
stage1,baseline_current,2019-2022_cal2023_valid2024,2024,0.48774205570452267,220,0.045,6,5.0,,,,0.4861049201797189,0.24980692675678798,0.2555164325408653,-0.0057095057840773344,0.0,0.5106875170195614,0.7049407319137688,0.5332785480993348,0.06568103219750941,0.4861049201797189,0.24980692675678798,0.24977399777610962,3.2928980678359476e-05,13.181772461585556,0.5106876936728955,0.6926949806395462,0.48773544324372964,0.00562363776754328
stage1,shallow_more_trees_d4_i450_lr003_l2_5,2019-2020_cal2021_valid2022,2022,0.5114727049981269,450,0.03,4,5.0,,,,0.5289204435249241,0.24916360794632167,0.24891418801792678,0.00024941992839488947,100.10287234587766,0.534698642203181,0.6909974556240583,0.5453208496706902,0.05760670984280449,0.5289204435249241,0.24916360794632167,0.24889224317014383,0.0002713647761778404,108.91027723290216,0.5344687380957588,0.6909299882891151,0.5115980950438036,0.011199813527841508
stage1,shallow_more_trees_d4_i450_lr003_l2_5,2019-2021_cal2022_valid2023,2023,0.5276733290608981,450,0.03,4,5.0,,,,0.49995723449750534,0.24999999817111176,0.2542069493535281,-0.004206951182416346,0.0,0.5141942870738784,0.7020603640777429,0.5420204512691755,0.062054348264346214,0.49995723449750534,0.24999999817111176,0.25060362676307935,-0.000603628591967581,0.0,0.5140287574121805,0.6943586553271267,0.5272309472315648,0.01443155723977215
stage1,shallow_more_trees_d4_i450_lr003_l2_5,2019-2022_cal2023_valid2024,2024,0.48774205570452267,450,0.03,4,5.0,,,,0.4861049201797189,0.24980692675678798,0.25546527363046057,-0.005658346873672587,0.0,0.5111839434099451,0.7048059429430497,0.5337764676114185,0.0653570146675042,0.4861049201797189,0.24980692675678798,0.24976896608929453,3.796066749345295e-05,15.196002763530835,0.511184238756131,0.6926849148928177,0.4877370899017005,0.0055895844227069925
stage1,shallow_more_trees_d5_i450_lr003_l2_5,2019-2020_cal2021_valid2022,2022,0.5114727049981269,450,0.03,5,5.0,,,,0.5289204435249241,0.24916360794632167,0.2490861225885803,7.748535774138032e-05,31.098184193123945,0.5323695142152698,0.6913534587539294,0.5437008989706259,0.05762693633952411,0.5289204435249241,0.24916360794632167,0.24894133970213903,0.00022226824418264401,89.20574156661279,0.5322018100666976,0.6910283169035712,0.5115793479038534,0.010889748949081896
stage1,shallow_more_trees_d5_i450_lr003_l2_5,2019-2021_cal2022_valid2023,2023,0.5276733290608981,450,0.03,5,5.0,,,,0.49995723449750534,0.24999999817111176,0.25418688080891993,-0.00418688263780817,0.0,0.5147191949456609,0.7020468401059833,0.542145246181592,0.06230400031520999,0.49995723449750534,0.24999999817111176,0.2505842761429558,-0.0005842779718440438,0.0,0.5144835219051463,0.6943197629817817,0.5271036371634998,0.01424970831458985
stage1,shallow_more_trees_d5_i450_lr003_l2_5,2019-2022_cal2023_valid2024,2024,0.48774205570452267,450,0.03,5,5.0,,,,0.4861049201797189,0.24980692675678798,0.2554929043698125,-0.005685977613024501,0.0,0.5113644553983929,0.7048839716154724,0.5333855061382756,0.06603430396008528,0.4861049201797189,0.24980692675678798,0.24976733740667276,3.9589350115221134e-05,15.847979329158203,0.5113651692373236,0.6926816543827377,0.4877341780434907,0.0057032753964227035
stage1,shallow_slow_d5_i600_lr002_l2_5,2019-2020_cal2021_valid2022,2022,0.5114727049981269,600,0.02,5,5.0,,,,0.5289204435249241,0.24916360794632167,0.24910252597730576,6.108196901591367e-05,24.51480355392542,0.5325820233442486,0.6913855314250836,0.5447818968259004,0.05729067960133054,0.5289204435249241,0.24916360794632167,0.24894020291535324,0.00022340503096843212,89.66198266665057,0.5324167392816818,0.6910260508180692,0.5115987181366238,0.010844585809686662
stage1,shallow_slow_d5_i600_lr002_l2_5,2019-2021_cal2022_valid2023,2023,0.5276733290608981,600,0.02,5,5.0,,,,0.49995723449750534,0.24999999817111176,0.25410297904248,-0.004102980871368261,0.0,0.5152767894707309,0.7018636557400916,0.541807292870732,0.06226760472969702,0.49995723449750534,0.24999999817111176,0.2505733471038523,-0.0005733489327405528,0.0,0.5150309989044801,0.6942978591717615,0.5271098107299789,0.01435640202639469
stage1,shallow_slow_d5_i600_lr002_l2_5,2019-2022_cal2023_valid2024,2024,0.48774205570452267,600,0.02,5,5.0,,,,0.4861049201797189,0.24980692675678798,0.25549346230118264,-0.005686535544394661,0.0,0.5109529778651711,0.7048705373373104,0.5339292971503529,0.06528293443122368,0.4861049201797189,0.24980692675678798,0.2497708226565023,3.6104100285677676e-05,14.452801911625384,0.5109535033403211,0.6926886322374927,0.48773668330071696,0.0055549559629011315
stage1,baseline_more_trees_i300_lr003,2019-2020_cal2021_valid2022,2022,0.5114727049981269,300,0.03,6,5.0,,,,0.5289204435249241,0.24916360794632167,0.2491028851509524,6.072279536925573e-05,24.37065182582261,0.532707132596372,0.6913865953785219,0.5455687866010275,0.05682253966007987,0.5289204435249241,0.24916360794632167,0.24893830887830326,0.0002252990680184086,90.42214064701844,0.5325425454824002,0.6910222647083695,0.5116133610660928,0.010927334215102245
stage1,baseline_more_trees_i300_lr003,2019-2021_cal2022_valid2023,2023,0.5276733290608981,300,0.03,6,5.0,,,,0.49995723449750534,0.24999999817111176,0.2540142827860734,-0.004014284614961644,0.0,0.5153097324503745,0.7016705266536096,0.5414307259542729,0.06177919904712076,0.49995723449750534,0.24999999817111176,0.250571054727872,-0.0005710565567602355,0.0,0.5151185554556346,0.6942931946004017,0.5271017320292916,0.014356946618553797
stage1,baseline_more_trees_i300_lr003,2019-2022_cal2023_valid2024,2024,0.48774205570452267,300,0.03,6,5.0,,,,0.4861049201797189,0.24980692675678798,0.25556582261291083,-0.005758895856122853,0.0,0.5109776826719747,0.7050119640906783,0.5350219513617769,0.0648676528926206,0.4861049201797189,0.24980692675678798,0.2497723555289652,3.4571227822771666e-05,13.839179029823386,0.5109778161897538,0.6926916975888867,0.48773834206547184,0.00552939141439406
stage1,baseline_more_trees_i450_lr002,2019-2020_cal2021_valid2022,2022,0.5114727049981269,450,0.02,6,5.0,,,,0.5289204435249241,0.24916360794632167,0.24896981453318456,0.00019379341313710552,77.77757543904855,0.5337194130437969,0.6911096270245569,0.5460089899925963,0.05699806248243652,0.5289204435249241,0.24916360794632167,0.248911671745027,0.00025193620129465577,101.1127601543366,0.5334976830588153,0.6909689302473233,0.5116142902127039,0.01103468632226005
stage1,baseline_more_trees_i450_lr002,2019-2021_cal2022_valid2023,2023,0.5276733290608981,450,0.02,6,5.0,,,,0.49995723449750534,0.24999999817111176,0.2541184525196668,-0.0041184543485550396,0.0,0.5147991405349555,0.7018862532424169,0.5419893055039261,0.06196986623396004,0.49995723449750534,0.24999999817111176,0.25058337985555534,-0.0005833816844435791,0.0,0.5145524152036159,0.6943179813823809,0.5270732197656163,0.014394730395926272
stage1,baseline_more_trees_i450_lr002,2019-2022_cal2023_valid2024,2024,0.48774205570452267,450,0.02,6,5.0,,,,0.4861049201797189,0.24980692675678798,0.2555115625484074,-0.005704635791619422,0.0,0.5111214389630743,0.7049329609526024,0.5343056212302002,0.06514311650612344,0.4861049201797189,0.24980692675678798,0.2497708971577612,3.602959902676561e-05,14.422978375553225,0.5111217055937499,0.6926887811358604,0.48773651348519137,0.005529760797761773
stage1,baseline_more_trees_i450_lr003,2019-2020_cal2021_valid2022,2022,0.5114727049981269,450,0.03,6,5.0,,,,0.5289204435249241,0.24916360794632167,0.24959755620754326,-0.00043394826122158947,0.0,0.5290121067302187,0.6924102908160571,0.5469572037653392,0.058354582642975036,0.5289204435249241,0.24916360794632167,0.24901384866786458,0.00014975927845709003,60.10479607814688,0.5288908793867462,0.6911735432332339,0.5116089150385249,0.010474692826530794
stage1,baseline_more_trees_i450_lr003,2019-2021_cal2022_valid2023,2023,0.5276733290608981,450,0.03,6,5.0,,,,0.49995723449750534,0.24999999817111176,0.254249031640508,-0.0042490334693962295,0.0,0.5143832218267812,0.7021925250702395,0.5412888288974457,0.06325804021988227,0.49995723449750534,0.24999999817111176,0.25059383784660627,-0.0005938396754945063,0.0,0.5141744368437106,0.6943389171001108,0.5271437307654475,0.014193592491526904
stage1,baseline_more_trees_i450_lr003,2019-2022_cal2023_valid2024,2024,0.48774205570452267,450,0.03,6,5.0,,,,0.4861049201797189,0.24980692675678798,0.2558842784707811,-0.006077351713993123,0.0,0.5107197486848246,0.7057197365460026,0.5360092077697535,0.06684044873559397,0.4861049201797189,0.24980692675678798,0.24977089720318882,3.602955359915949e-05,14.422960190466561,0.5107198261730994,0.6926887727074996,0.4877352841493906,0.00568847365814085
stage1,baseline_fast_i200_lr006,2019-2020_cal2021_valid2022,2022,0.5114727049981269,200,0.06,6,5.0,,,,0.5289204435249241,0.24916360794632167,0.24933281252287182,-0.0001692045765501471,0.0,0.5303199880122849,0.6918634498376893,0.5460239730256328,0.05750926956083715,0.5289204435249241,0.24916360794632167,0.24898053610134552,0.00018307184497615148,73.47455211661222,0.5302000269723104,0.6911068437607555,0.5116075325289293,0.010660654889776718
stage1,baseline_fast_i200_lr006,2019-2021_cal2022_valid2023,2023,0.5276733290608981,200,0.06,6,5.0,,,,0.49995723449750534,0.24999999817111176,0.25429811892649,-0.0042981207553782486,0.0,0.5136550644401088,0.7022762461929125,0.5416739281004888,0.06259083001604211,0.49995723449750534,0.24999999817111176,0.2506127312356981,-0.0006127330645863405,0.0,0.513501867805233,0.6943768590318047,0.5271871592179108,0.014259236579642773
stage1,baseline_fast_i200_lr006,2019-2022_cal2023_valid2024,2024,0.48774205570452267,200,0.06,6,5.0,,,,0.4861049201797189,0.24980692675678798,0.2558758311283056,-0.006068904371517608,0.0,0.5112401604681612,0.705732534692401,0.5362079069210616,0.06689729512003731,0.4861049201797189,0.24980692675678798,0.24976834206742057,3.858468936740467e-05,15.445804433185602,0.5112403369657711,0.6926836609518736,0.48773563143456816,0.005590846619046637
stage1,baseline_l2_3,2019-2020_cal2021_valid2022,2022,0.5114727049981269,220,0.045,6,3.0,,,,0.5289204435249241,0.24916360794632167,0.24918311073314375,-1.9502786822084284e-05,0.0,0.532143014408472,0.6915471281876525,0.547342169259758,0.05664515450899579,0.5289204435249241,0.24916360794632167,0.24894461479690647,0.0002189931494152031,87.89130612620671,0.5319855685437103,0.691034893931273,0.5116274201165125,0.010862935736886617
stage1,baseline_l2_3,2019-2021_cal2022_valid2023,2023,0.5276733290608981,220,0.045,6,3.0,,,,0.49995723449750534,0.24999999817111176,0.25427650273220775,-0.0042765045610959895,0.0,0.5144683494484981,0.7022273463452398,0.5431073976277734,0.062345705704508196,0.49995723449750534,0.24999999817111176,0.2505967515319935,-0.0005967533608817466,0.0,0.5141780076961151,0.6943448543474185,0.527143618367857,0.014395766644889778
stage1,baseline_l2_3,2019-2022_cal2023_valid2024,2024,0.48774205570452267,220,0.045,6,3.0,,,,0.4861049201797189,0.24980692675678798,0.2555729375999273,-0.0057660108431392965,0.0,0.5113332108365796,0.7050820758920184,0.534661675150708,0.06548793405273082,0.4861049201797189,0.24980692675678798,0.24976965125028286,3.7275506505118905e-05,14.921726546602263,0.5113336025759369,0.6926862857386067,0.4877344641739608,0.005609611324687559
stage1,baseline_l2_10,2019-2020_cal2021_valid2022,2022,0.5114727049981269,220,0.045,6,10.0,,,,0.5289204435249241,0.24916360794632167,0.24896654583581715,0.00019706211050452005,79.08944332953067,0.5323821175820137,0.6911029448905032,0.542622493116823,0.056526134709894454,0.5289204435249241,0.24916360794632167,0.24893887221966798,0.00022473572665368535,90.19604769172435,0.5321942479286911,0.6910233827053447,0.5115703439859229,0.010877488166091754
stage1,baseline_l2_10,2019-2021_cal2022_valid2023,2023,0.5276733290608981,220,0.045,6,10.0,,,,0.49995723449750534,0.24999999817111176,0.2541216821856175,-0.0041216840145057165,0.0,0.5149823438093087,0.7019160650320706,0.5414858144084802,0.062428709473673884,0.49995723449750534,0.24999999817111176,0.2505765920906626,-0.0005765939195508107,0.0,0.5147530730553411,0.6943043962433038,0.5270341450678149,0.014375978883040891
stage1,baseline_l2_10,2019-2022_cal2023_valid2024,2024,0.48774205570452267,220,0.045,6,10.0,,,,0.4861049201797189,0.24980692675678798,0.2557477200894322,-0.0059407933326442175,0.0,0.5109716800714169,0.7054260047888901,0.5356812132813694,0.0660881595529559,0.4861049201797189,0.24980692675678798,0.24977017907174678,3.674768504119408e-05,14.710434781887223,0.5109717297473809,0.6926873396936478,0.4877372819050729,0.005550247065741323
stage1,baseline_l2_20,2019-2020_cal2021_valid2022,2022,0.5114727049981269,220,0.045,6,20.0,,,,0.5289204435249241,0.24916360794632167,0.24904260948818477,0.00012099845813690058,48.561850237362016,0.5344755748764053,0.6912672175564325,0.5473032615383387,0.05708439991078044,0.5289204435249241,0.24916360794632167,0.24890361110818365,0.0002599968381380158,104.34783806551235,0.5342774626673084,0.6909528008081948,0.5116392913508455,0.011061195054664054
stage1,baseline_l2_20,2019-2021_cal2022_valid2023,2023,0.5276733290608981,220,0.045,6,20.0,,,,0.49995723449750534,0.24999999817111176,0.25406392823042806,-0.004063930059316295,0.0,0.5146827349600631,0.7017942312080425,0.5411126157957369,0.06201045435699417,0.49995723449750534,0.24999999817111176,0.2505855001296529,-0.0005855019585411514,0.0,0.5144077772015848,0.6943221975456262,0.5270435307901203,0.014241365216444575
stage1,baseline_l2_20,2019-2022_cal2023_valid2024,2024,0.48774205570452267,220,0.045,6,20.0,,,,0.4861049201797189,0.24980692675678798,0.25569557163183376,-0.005888644875045784,0.0,0.5108393044346583,0.7053302141253345,0.5348373577307806,0.06598930501909472,0.4861049201797189,0.24980692675678798,0.2497738400875536,3.3086669234377863e-05,13.24489663434795,0.5108394421881308,0.6926946690695309,0.48773738887475704,0.005505030651554618
stage1,deeper_d7_l2_10,2019-2020_cal2021_valid2022,2022,0.5114727049981269,220,0.045,7,10.0,,,,0.5289204435249241,0.24916360794632167,0.24919129627319075,-2.768832686908529e-05,0.0,0.5326569396495677,0.6915698641364725,0.5456830863393792,0.057977184622345794,0.5289204435249241,0.24916360794632167,0.24894541224423347,0.0002181957020881975,87.57125644737182,0.5325268749520369,0.6910365029994895,0.5116095115705809,0.010709858539555474
stage1,deeper_d7_l2_10,2019-2021_cal2022_valid2023,2023,0.5276733290608981,220,0.045,7,10.0,,,,0.49995723449750534,0.24999999817111176,0.2542708464091651,-0.004270848238053321,0.0,0.5142369102054104,0.7022273481079645,0.5426566883181442,0.0626620262734851,0.49995723449750534,0.24999999817111176,0.2506004222104301,-0.0006004240393183424,0.0,0.5140445482569916,0.694352035290434,0.5272259755815405,0.014112220486034848
stage1,deeper_d7_l2_10,2019-2022_cal2023_valid2024,2024,0.48774205570452267,220,0.045,7,10.0,,,,0.4861049201797189,0.24980692675678798,0.25565454361708784,-0.005847616860299859,0.0,0.5112416537681266,0.7052231275111386,0.5360566179963546,0.06533316273923964,0.4861049201797189,0.24980692675678798,0.24976614875451128,4.077800227669792e-05,16.323807672634867,0.5112414564034973,0.6926792706394272,0.48773340233914547,0.0057063226477827265
stage1,deeper_d7_i300_lr003_l2_10,2019-2020_cal2021_valid2022,2022,0.5114727049981269,300,0.03,7,10.0,,,,0.5289204435249241,0.24916360794632167,0.24917254316160256,-8.935215280891917e-06,0.0,0.5317265657675266,0.6915253103928943,0.5454859364162734,0.05682267805096854,0.5289204435249241,0.24916360794632167,0.2489557315856561,0.00020787636066557647,83.42966389793172,0.5315647677258378,0.6910571496933906,0.5116346676486923,0.01080028567672658
stage1,deeper_d7_i300_lr003_l2_10,2019-2021_cal2022_valid2023,2023,0.5276733290608981,300,0.03,7,10.0,,,,0.49995723449750534,0.24999999817111176,0.2543426747756079,-0.004342676604496137,0.0,0.5141191135806286,0.7023743264782478,0.5432733137467112,0.06263360558589479,0.49995723449750534,0.24999999817111176,0.25060514001729,-0.0006051418461782421,0.0,0.5139128600774442,0.6943616110232531,0.5272144861184147,0.014263806938918535
stage1,deeper_d7_i300_lr003_l2_10,2019-2022_cal2023_valid2024,2024,0.48774205570452267,300,0.03,7,10.0,,,,0.4861049201797189,0.24980692675678798,0.25562343841731117,-0.005816511660523188,0.0,0.5114949334756171,0.705178615768782,0.5348716822413432,0.0658400152034239,0.4861049201797189,0.24980692675678798,0.2497687924833393,3.813427344867559e-05,15.265498816933576,0.5114952640465774,0.6926845655382157,0.48773542853844865,0.005575390532231703
stage1,deeper_d8_l2_20,2019-2020_cal2021_valid2022,2022,0.5114727049981269,220,0.045,8,20.0,,,,0.5289204435249241,0.24916360794632167,0.2496227701745562,-0.00045916222823452757,0.0,0.5289170916004684,0.6924608089189052,0.5478914928721961,0.05811007285260998,0.5289204435249241,0.24916360794632167,0.24902315378064147,0.00014045416568020386,56.37025681152541,0.5288448936568038,0.6911922131264011,0.5115842132302696,0.010045726509200615
stage1,deeper_d8_l2_20,2019-2021_cal2022_valid2023,2023,0.5276733290608981,220,0.045,8,20.0,,,,0.49995723449750534,0.24999999817111176,0.25442397530944966,-0.004423977138337892,0.0,0.5137126692599036,0.702565251305972,0.5432258421165139,0.06287033800761703,0.49995723449750534,0.24999999817111176,0.2506120358513468,-0.0006120376802350169,0.0,0.5134420893538659,0.6943754732261957,0.527171272658332,0.014187951221174014
stage1,deeper_d8_l2_20,2019-2022_cal2023_valid2024,2024,0.48774205570452267,220,0.045,8,20.0,,,,0.4861049201797189,0.24980692675678798,0.25572178767251835,-0.005914860915730374,0.0,0.511710024388702,0.7053862181517053,0.5361706293544832,0.06619925669024103,0.4861049201797189,0.24980692675678798,0.24976226494380682,4.466181298115601e-05,17.878532657598704,0.511710015761591,0.6926715000790982,0.48773343172816264,0.005655409530404407
stage1,deeper_d8_i300_lr003_l2_20,2019-2020_cal2021_valid2022,2022,0.5114727049981269,300,0.03,8,20.0,,,,0.5289204435249241,0.24916360794632167,0.24965518428621747,-0.0004915763398957995,0.0,0.5274375467023017,0.6925163018125873,0.5463117560722824,0.057607993789981715,0.5289204435249241,0.24916360794632167,0.24904419453064533,0.00011941341567633934,47.92570498580397,0.5273480517527513,0.6912342746948792,0.5115755765905087,0.01023277258791153
stage1,deeper_d8_i300_lr003_l2_20,2019-2021_cal2022_valid2023,2023,0.5276733290608981,300,0.03,8,20.0,,,,0.49995723449750534,0.24999999817111176,0.25423150776101405,-0.004231509589902288,0.0,0.5151427271039781,0.7021560769998406,0.5428966778835659,0.06276315864925723,0.49995723449750534,0.24999999817111176,0.2505743964422336,-0.0005743982711218509,0.0,0.5148504343716114,0.6942998545767431,0.5270895365876115,0.014225395247608337
stage1,deeper_d8_i300_lr003_l2_20,2019-2022_cal2023_valid2024,2024,0.48774205570452267,300,0.03,8,20.0,,,,0.4861049201797189,0.24980692675678798,0.2556332703274046,-0.005826343570616649,0.0,0.5112399881439551,0.7051863586651964,0.5352755869075486,0.06546762327340917,0.4861049201797189,0.24980692675678798,0.24976946625554544,3.746050124253664e-05,14.995781633792797,0.5112397909661947,0.6926859143843146,0.4877323044611963,0.005706578420488915
stage1,random_strength_05,2019-2020_cal2021_valid2022,2022,0.5114727049981269,220,0.045,6,5.0,0.5,,,0.5289204435249241,0.24916360794632167,0.24934503089545346,-0.00018142294913178758,0.0,0.5290259290852857,0.691880852194976,0.5422609562240481,0.05750149094481498,0.5289204435249241,0.24916360794632167,0.2490093145868973,0.00015429335942437894,61.924516463744176,0.528902678493816,0.6911644101707538,0.5115358418886136,0.010584107581995761
stage1,random_strength_05,2019-2021_cal2022_valid2023,2023,0.5276733290608981,220,0.045,6,5.0,0.5,,,0.49995723449750534,0.24999999817111176,0.25429261745813886,-0.004292619287027094,0.0,0.5144852720640801,0.7022746863929653,0.5425417705660326,0.06285605717719296,0.49995723449750534,0.24999999817111176,0.25059044235702027,-0.0005904441859085063,0.0,0.5143616946927397,0.6943320750305206,0.5271703981589128,0.014255750133395709
stage1,random_strength_05,2019-2022_cal2023_valid2024,2024,0.48774205570452267,220,0.045,6,5.0,0.5,,,0.4861049201797189,0.24980692675678798,0.2556662592862164,-0.005859332529428413,0.0,0.5109810063209854,0.7052468650885003,0.5348662172122727,0.06617180060528903,0.4861049201797189,0.24980692675678798,0.24976894732056962,3.797943621836053e-05,15.20351605595681,0.5109809331306937,0.6926848737411341,0.4877363305376862,0.005588847247680681
stage1,random_strength_1,2019-2020_cal2021_valid2022,2022,0.5114727049981269,220,0.045,6,5.0,1.0,,,0.5289204435249241,0.24916360794632167,0.24906209080176053,0.00010151714456113625,40.7431668684965,0.5324856858143385,0.6913031110776264,0.5443147913690605,0.05695720532425376,0.5289204435249241,0.24916360794632167,0.24894055749927693,0.00022305044704473698,89.51967299044315,0.5322787370048183,0.6910267618039342,0.5115676534729856,0.01099229483839128
stage1,random_strength_1,2019-2021_cal2022_valid2023,2023,0.5276733290608981,220,0.045,6,5.0,1.0,,,0.49995723449750534,0.24999999817111176,0.2540765927559245,-0.004076594584812715,0.0,0.5154708686332126,0.7018125133287548,0.5419201905674266,0.062106804902845376,0.49995723449750534,0.24999999817111176,0.25056802835099595,-0.000568030179884188,0.0,0.5153704840527471,0.694287061114121,0.527189297933662,0.014285022476808469
stage1,random_strength_1,2019-2022_cal2023_valid2024,2024,0.48774205570452267,220,0.045,6,5.0,1.0,,,0.4861049201797189,0.24980692675678798,0.2555164325408653,-0.0057095057840773344,0.0,0.5106875170195614,0.7049407319137688,0.5332785480993348,0.06568103219750941,0.4861049201797189,0.24980692675678798,0.24977399777610962,3.2928980678359476e-05,13.181772461585556,0.5106876936728955,0.6926949806395462,0.48773544324372964,0.00562363776754328
stage1,random_strength_2,2019-2020_cal2021_valid2022,2022,0.5114727049981269,220,0.045,6,5.0,2.0,,,0.5289204435249241,0.24916360794632167,0.24899588681239224,0.00016772113392943266,67.31365599970182,0.533213877497535,0.6911627402086798,0.5449966671876366,0.05675072536699509,0.5289204435249241,0.24916360794632167,0.24892085339119666,0.0002427545551250132,97.42777331162695,0.5330242730418421,0.6909872652065044,0.5115922942761768,0.01104325330730042
stage1,random_strength_2,2019-2021_cal2022_valid2023,2023,0.5276733290608981,220,0.045,6,5.0,2.0,,,0.49995723449750534,0.24999999817111176,0.25391875435705596,-0.0039187561859442,0.0,0.5160620742254007,0.7014774969748186,0.5415986887007747,0.06166605443210338,0.49995723449750534,0.24999999817111176,0.2505556809143782,-0.0005556827432664224,0.0,0.515769429948371,0.6942623094881005,0.5270683865032071,0.014326263248433675
stage1,random_strength_2,2019-2022_cal2023_valid2024,2024,0.48774205570452267,220,0.045,6,5.0,2.0,,,0.4861049201797189,0.24980692675678798,0.2555644727963957,-0.005757546039607736,0.0,0.5108060785026403,0.7050045535506193,0.5350366783224138,0.06462723221860577,0.4861049201797189,0.24980692675678798,0.24977455971639378,3.236704039419336e-05,12.956822620737778,0.5108061300472925,0.6926961123150316,0.4877386672423575,0.005441841951997111
stage1,bagging_temp_05,2019-2020_cal2021_valid2022,2022,0.5114727049981269,220,0.045,6,5.0,,0.5,,0.5289204435249241,0.24916360794632167,0.24906209080176053,0.00010151714456113625,40.7431668684965,0.5324856858143385,0.6913031110776264,0.5443147913690605,0.05695720532425376,0.5289204435249241,0.24916360794632167,0.24894055749927693,0.00022305044704473698,89.51967299044315,0.5322787370048183,0.6910267618039342,0.5115676534729856,0.01099229483839128
stage1,bagging_temp_05,2019-2021_cal2022_valid2023,2023,0.5276733290608981,220,0.045,6,5.0,,0.5,,0.49995723449750534,0.24999999817111176,0.2540765927559245,-0.004076594584812715,0.0,0.5154708686332126,0.7018125133287548,0.5419201905674266,0.062106804902845376,0.49995723449750534,0.24999999817111176,0.25056802835099595,-0.000568030179884188,0.0,0.5153704840527471,0.694287061114121,0.527189297933662,0.014285022476808469
stage1,bagging_temp_05,2019-2022_cal2023_valid2024,2024,0.48774205570452267,220,0.045,6,5.0,,0.5,,0.4861049201797189,0.24980692675678798,0.2555164325408653,-0.0057095057840773344,0.0,0.5106875170195614,0.7049407319137688,0.5332785480993348,0.06568103219750941,0.4861049201797189,0.24980692675678798,0.24977399777610962,3.2928980678359476e-05,13.181772461585556,0.5106876936728955,0.6926949806395462,0.48773544324372964,0.00562363776754328
stage1,bagging_temp_1,2019-2020_cal2021_valid2022,2022,0.5114727049981269,220,0.045,6,5.0,,1.0,,0.5289204435249241,0.24916360794632167,0.24906209080176053,0.00010151714456113625,40.7431668684965,0.5324856858143385,0.6913031110776264,0.5443147913690605,0.05695720532425376,0.5289204435249241,0.24916360794632167,0.24894055749927693,0.00022305044704473698,89.51967299044315,0.5322787370048183,0.6910267618039342,0.5115676534729856,0.01099229483839128
stage1,bagging_temp_1,2019-2021_cal2022_valid2023,2023,0.5276733290608981,220,0.045,6,5.0,,1.0,,0.49995723449750534,0.24999999817111176,0.2540765927559245,-0.004076594584812715,0.0,0.5154708686332126,0.7018125133287548,0.5419201905674266,0.062106804902845376,0.49995723449750534,0.24999999817111176,0.25056802835099595,-0.000568030179884188,0.0,0.5153704840527471,0.694287061114121,0.527189297933662,0.014285022476808469
stage1,bagging_temp_1,2019-2022_cal2023_valid2024,2024,0.48774205570452267,220,0.045,6,5.0,,1.0,,0.4861049201797189,0.24980692675678798,0.2555164325408653,-0.0057095057840773344,0.0,0.5106875170195614,0.7049407319137688,0.5332785480993348,0.06568103219750941,0.4861049201797189,0.24980692675678798,0.24977399777610962,3.2928980678359476e-05,13.181772461585556,0.5106876936728955,0.6926949806395462,0.48773544324372964,0.00562363776754328
stage1,bagging_temp_2,2019-2020_cal2021_valid2022,2022,0.5114727049981269,220,0.045,6,5.0,,2.0,,0.5289204435249241,0.24916360794632167,0.24906209080176053,0.00010151714456113625,40.7431668684965,0.5324856858143385,0.6913031110776264,0.5443147913690605,0.05695720532425376,0.5289204435249241,0.24916360794632167,0.24894055749927693,0.00022305044704473698,89.51967299044315,0.5322787370048183,0.6910267618039342,0.5115676534729856,0.01099229483839128
stage1,bagging_temp_2,2019-2021_cal2022_valid2023,2023,0.5276733290608981,220,0.045,6,5.0,,2.0,,0.49995723449750534,0.24999999817111176,0.2540765927559245,-0.004076594584812715,0.0,0.5154708686332126,0.7018125133287548,0.5419201905674266,0.062106804902845376,0.49995723449750534,0.24999999817111176,0.25056802835099595,-0.000568030179884188,0.0,0.5153704840527471,0.694287061114121,0.527189297933662,0.014285022476808469
stage1,bagging_temp_2,2019-2022_cal2023_valid2024,2024,0.48774205570452267,220,0.045,6,5.0,,2.0,,0.4861049201797189,0.24980692675678798,0.2555164325408653,-0.0057095057840773344,0.0,0.5106875170195614,0.7049407319137688,0.5332785480993348,0.06568103219750941,0.4861049201797189,0.24980692675678798,0.24977399777610962,3.2928980678359476e-05,13.181772461585556,0.5106876936728955,0.6926949806395462,0.48773544324372964,0.00562363776754328
stage1,rsm_085,2019-2020_cal2021_valid2022,2022,0.5114727049981269,220,0.045,6,5.0,,,0.85,0.5289204435249241,0.24916360794632167,0.24901354499524395,0.00015006295107772294,60.226672873532806,0.5330266111454598,0.6912072584635303,0.5430936998064773,0.057629450238192784,0.5289204435249241,0.24916360794632167,0.24893088574139913,0.00023272220492254192,93.40136259893869,0.5328267046951232,0.6910073941173512,0.5115469145293503,0.010966145958713135
stage1,rsm_085,2019-2021_cal2022_valid2023,2023,0.5276733290608981,220,0.045,6,5.0,,,0.85,0.49995723449750534,0.24999999817111176,0.25414891630238423,-0.0041489181312724666,0.0,0.5153588027239069,0.7019706344707065,0.5424856468700656,0.06217783464906264,0.49995723449750534,0.24999999817111176,0.25057062836176314,-0.0005706301906513722,0.0,0.5151384361092128,0.6942923739604251,0.5271518430961354,0.014219829072687214
stage1,rsm_085,2019-2022_cal2023_valid2024,2024,0.48774205570452267,220,0.045,6,5.0,,,0.85,0.4861049201797189,0.24980692675678798,0.2557300896904259,-0.005923162933637899,0.0,0.5108866203698941,0.7053648421703668,0.5358319859250176,0.06584939811772818,0.4861049201797189,0.24980692675678798,0.24976979848937708,3.7128267410896365e-05,14.862785389071474,0.5108866017453008,0.6926865783049342,0.4877375947033913,0.005501034963372561
stage1,rsm_07_l2_10,2019-2020_cal2021_valid2022,2022,0.5114727049981269,220,0.045,6,10.0,,,0.7,0.5289204435249241,0.24916360794632167,0.24931125988539898,-0.00014765193907731455,0.0,0.5294862055041014,0.6918026286552652,0.5448506150921978,0.05666099709668497,0.5289204435249241,0.24916360794632167,0.2489966269892342,0.00016698095708747585,67.01659141308036,0.5293663124551158,0.6911389963901196,0.5115849980562688,0.01056008319221419
stage1,rsm_07_l2_10,2019-2021_cal2022_valid2023,2023,0.5276733290608981,220,0.045,6,10.0,,,0.7,0.49995723449750534,0.24999999817111176,0.2541869895048622,-0.004186991333750417,0.0,0.5145908589813596,0.7020369254853851,0.5419258124413797,0.06241799867562414,0.49995723449750534,0.24999999817111176,0.25059060909878195,-0.0005906109276701821,0.0,0.514302372692059,0.6943324849621305,0.5270943615714129,0.014371457478935304
stage1,rsm_07_l2_10,2019-2022_cal2023_valid2024,2024,0.48774205570452267,220,0.045,6,10.0,,,0.7,0.4861049201797189,0.24980692675678798,0.2554676317093828,-0.005660704952594825,0.0,0.5113057608955182,0.7047879655231688,0.5345046565218731,0.06524204235567774,0.4861049201797189,0.24980692675678798,0.2497636269115805,4.329984520748398e-05,17.33332448769153,0.5113059055319926,0.6926742177242594,0.4877337211247228,0.005741470139262054
stage1,conservative_d5_i300_lr003_l2_10_rs1_bag1_rsm085,2019-2020_cal2021_valid2022,2022,0.5114727049981269,300,0.03,5,10.0,1.0,1.0,0.85,0.5289204435249241,0.24916360794632167,0.24888920001555762,0.00027440793076405345,110.1316251702256,0.534040845932424,0.6909443167637445,0.5447304755449429,0.05604127574617279,0.5289204435249241,0.24916360794632167,0.2489082723438352,0.0002553356024864728,102.47708507314631,0.5338196256341087,0.6909620863441257,0.5115909868994113,0.011151271215287745
stage1,conservative_d5_i300_lr003_l2_10_rs1_bag1_rsm085,2019-2021_cal2022_valid2023,2023,0.5276733290608981,300,0.03,5,10.0,1.0,1.0,0.85,0.49995723449750534,0.24999999817111176,0.25401993140859835,-0.004019933237486589,0.0,0.5148955307240236,0.7016637405487353,0.5417852621351064,0.06099605822895978,0.49995723449750534,0.24999999817111176,0.25058497756589504,-0.0005849793947832749,0.0,0.5146301635724125,0.6943212738498491,0.5271501937281428,0.01446551436965059
stage1,conservative_d5_i300_lr003_l2_10_rs1_bag1_rsm085,2019-2022_cal2023_valid2024,2024,0.48774205570452267,300,0.03,5,10.0,1.0,1.0,0.85,0.4861049201797189,0.24980692675678798,0.255399890722712,-0.0055929639659240415,0.0,0.5115586958300172,0.7046526650706371,0.5347438176940801,0.06421667352143104,0.4861049201797189,0.24980692675678798,0.2497667183437831,4.020841300486633e-05,16.095795871990866,0.5115590237536691,0.6926804142870415,0.4877370052366688,0.005614194324478343
stage1,regularized_d6_i300_lr003_l2_20_rs1_bag1,2019-2020_cal2021_valid2022,2022,0.5114727049981269,300,0.03,6,20.0,1.0,1.0,,0.5289204435249241,0.24916360794632167,0.24897063709765344,0.00019297084866823355,77.44744517819232,0.5328433723502018,0.6911111299090467,0.5434431992538201,0.05638109866810285,0.5289204435249241,0.24916360794632167,0.2489341993905069,0.0002294085558147696,92.07145365473758,0.5326423897090025,0.6910140152884197,0.5115734350410645,0.010971566227709773
stage1,regularized_d6_i300_lr003_l2_20_rs1_bag1,2019-2021_cal2022_valid2023,2023,0.5276733290608981,300,0.03,6,20.0,1.0,1.0,,0.49995723449750534,0.24999999817111176,0.25422016233617656,-0.004220164165064794,0.0,0.5144557554837018,0.7021154318163564,0.5423423296189102,0.06210315211021135,0.49995723449750534,0.24999999817111176,0.2505915006504288,-0.0005915024793170243,0.0,0.5142612234868386,0.6943342687891572,0.5270648751993292,0.014351750225007936
stage1,regularized_d6_i300_lr003_l2_20_rs1_bag1,2019-2022_cal2023_valid2024,2024,0.48774205570452267,300,0.03,6,20.0,1.0,1.0,,0.4861049201797189,0.24980692675678798,0.255547709132171,-0.00574078237538303,0.0,0.5112871425933769,0.705013074009267,0.5344475800406636,0.0652936540515125,0.4861049201797189,0.24980692675678798,0.2497715153821267,3.541137466128719e-05,14.175497501622003,0.5112872525033938,0.6926900202411643,0.48773787524100176,0.00549557353783304
stage2,stage2_from_conservative_d5_i300_lr003_l2_10_rs1_bag1_rsm085_1,2019-2020_cal2021_valid2022,2022,0.5114727049981269,400,0.03,5,10.0,1.0,1.0,0.85,0.5289204435249241,0.24916360794632167,0.2491744392348401,-1.0831288518420301e-05,0.0,0.5318702944584621,0.6915314966263054,0.5456333165230228,0.05716087110989697,0.5289204435249241,0.24916360794632167,0.24895140556393308,0.00021220238238858768,85.16588122062485,0.5317051097118892,0.691048467177316,0.5116109836605727,0.01087058093068312
stage2,stage2_from_conservative_d5_i300_lr003_l2_10_rs1_bag1_rsm085_1,2019-2021_cal2022_valid2023,2023,0.5276733290608981,400,0.03,5,10.0,1.0,1.0,0.85,0.49995723449750534,0.24999999817111176,0.2541214949146774,-0.004121496743565628,0.0,0.5147911544063297,0.7018899981939165,0.541924458280729,0.061823362024620555,0.49995723449750534,0.24999999817111176,0.25058928388538154,-0.0005892857142697772,0.0,0.514507240951348,0.694329897826154,0.5272118653009598,0.014388950554374383
stage2,stage2_from_conservative_d5_i300_lr003_l2_10_rs1_bag1_rsm085_1,2019-2022_cal2023_valid2024,2024,0.48774205570452267,400,0.03,5,10.0,1.0,1.0,0.85,0.4861049201797189,0.24980692675678798,0.2555041517916785,-0.005697225034890535,0.0,0.5116749724990562,0.7048901910011669,0.5346358697799288,0.06549249360778467,0.4861049201797189,0.24980692675678798,0.24976364347917349,4.328327761449202e-05,17.326692328524828,0.5116755859271356,0.6926742577925451,0.4877356024660652,0.005668117799089666
stage2,stage2_from_conservative_d5_i300_lr003_l2_10_rs1_bag1_rsm085_2,2019-2020_cal2021_valid2022,2022,0.5114727049981269,400,0.0255,5,10.0,1.0,1.0,0.85,0.5289204435249241,0.24916360794632167,0.2489344277346694,0.00022918021165227453,91.97980938759234,0.5336588790443928,0.6910374043219953,0.5448033703063323,0.05661961608069064,0.5289204435249241,0.24916360794632167,0.2489125071397943,0.00025110080652737676,100.77748054662638,0.5334301019818168,0.690970565800505,0.5115884830608011,0.011160702992185833
stage2,stage2_from_conservative_d5_i300_lr003_l2_10_rs1_bag1_rsm085_2,2019-2021_cal2022_valid2023,2023,0.5276733290608981,400,0.0255,5,10.0,1.0,1.0,0.85,0.49995723449750534,0.24999999817111176,0.2540799935028416,-0.004079995331729841,0.0,0.5146928110807655,0.7018108810254651,0.5411038208955153,0.06177298797452057,0.49995723449750534,0.24999999817111176,0.2505814592579959,-0.0005814610868841441,0.0,0.51445732807874,0.6943141429303756,0.5270066428592015,0.014403973391949348
stage2,stage2_from_conservative_d5_i300_lr003_l2_10_rs1_bag1_rsm085_2,2019-2022_cal2023_valid2024,2024,0.48774205570452267,400,0.0255,5,10.0,1.0,1.0,0.85,0.4861049201797189,0.24980692675678798,0.25541976340335365,-0.005612836646565672,0.0,0.5114578192081288,0.7047063548724216,0.5341307811098728,0.0647605178406546,0.4861049201797189,0.24980692675678798,0.2497683415034089,3.858525337907537e-05,15.446030212221444,0.5114580451636892,0.6926836668381541,0.4877378336724651,0.005515650316155961
stage2,stage2_from_conservative_d5_i300_lr003_l2_10_rs1_bag1_rsm085_3,2019-2020_cal2021_valid2022,2022,0.5114727049981269,300,0.03,5,15.0,1.0,1.0,0.85,0.5289204435249241,0.24916360794632167,0.2488604479816007,0.00030315996472096707,121.67104466807932,0.5342865799476408,0.6908838625840885,0.5441566562106317,0.05642139552561825,0.5289204435249241,0.24916360794632167,0.24890411927636916,0.0002594886699525123,104.14388846400675,0.5340645878942594,0.6909537840094496,0.5115997301494932,0.01108823560637368
stage2,stage2_from_conservative_d5_i300_lr003_l2_10_rs1_bag1_rsm085_3,2019-2021_cal2022_valid2023,2023,0.5276733290608981,300,0.03,5,15.0,1.0,1.0,0.85,0.49995723449750534,0.24999999817111176,0.2543203292432451,-0.004320331072133338,0.0,0.5144271160065942,0.7022917313573107,0.5438725264991453,0.061782156978775406,0.49995723449750534,0.24999999817111176,0.2505984858062917,-0.0005984876351799173,0.0,0.5141671754027098,0.6943483977918745,0.5271940178224089,0.014532348639182888
stage2,stage2_from_conservative_d5_i300_lr003_l2_10_rs1_bag1_rsm085_3,2019-2022_cal2023_valid2024,2024,0.48774205570452267,300,0.03,5,15.0,1.0,1.0,0.85,0.4861049201797189,0.24980692675678798,0.2555524066836527,-0.005745479926864722,0.0,0.5109842153882586,0.704982583308976,0.5348629672124274,0.06482688023569612,0.4861049201797189,0.24980692675678798,0.24977323430346782,3.369245332016102e-05,13.487397550414602,0.5109841690447887,0.6926934594648082,0.48773959415004253,0.005433208708691643
stage2,stage2_from_conservative_d5_i300_lr003_l2_10_rs1_bag1_rsm085_4,2019-2020_cal2021_valid2022,2022,0.5114727049981269,450,0.03,4,10.0,1.0,1.0,0.85,0.5289204435249241,0.24916360794632167,0.24880720113911686,0.00035640680720480655,143.0412772324234,0.534907963980132,0.6907782633061983,0.5436299224059239,0.05695558255330754,0.5289204435249241,0.24916360794632167,0.24888834391306502,0.0002752640332566447,110.47521567272616,0.5346411809377425,0.6909221909682774,0.5115865826680861,0.01126039100174439
stage2,stage2_from_conservative_d5_i300_lr003_l2_10_rs1_bag1_rsm085_4,2019-2021_cal2022_valid2023,2023,0.5276733290608981,450,0.03,4,10.0,1.0,1.0,0.85,0.49995723449750534,0.24999999817111176,0.2540786606604923,-0.004078662489380519,0.0,0.5146834354947516,0.701786051889063,0.5414844368096132,0.06187198618840519,0.49995723449750534,0.24999999817111176,0.25058899170083243,-0.0005889935297206661,0.0,0.5144933886451043,0.6943292738145721,0.5271032839294943,0.014461256019859123
stage2,stage2_from_conservative_d5_i300_lr003_l2_10_rs1_bag1_rsm085_4,2019-2022_cal2023_valid2024,2024,0.48774205570452267,450,0.03,4,10.0,1.0,1.0,0.85,0.4861049201797189,0.24980692675678798,0.2554970416537855,-0.005690114896997528,0.0,0.5119920490382459,0.7048674495208574,0.5352076289661251,0.06522111748646989,0.4861049201797189,0.24980692675678798,0.24976121242258448,4.571433420350046e-05,18.29986653973288,0.5119924660360401,0.6926693964967449,0.4877362522109691,0.005604471972785496
stage2,stage2_from_shallow_more_trees_d4_i450_lr003_l2_5_5,2019-2020_cal2021_valid2022,2022,0.5114727049981269,550,0.03,4,5.0,,,,0.5289204435249241,0.24916360794632167,0.24910892459365327,5.46833526683943e-05,21.946765468324315,0.5332169199550312,0.6914010585262312,0.5456387810500398,0.05829950326887041,0.5289204435249241,0.24916360794632167,0.24892399593883008,0.00023961200749159084,96.16653469844256,0.5330312995746895,0.6909935848588338,0.511604430360986,0.010974016560007654
stage2,stage2_from_shallow_more_trees_d4_i450_lr003_l2_5_5,2019-2021_cal2022_valid2023,2023,0.5276733290608981,550,0.03,4,5.0,,,,0.49995723449750534,0.24999999817111176,0.25424158383517814,-0.004241585664066377,0.0,0.5137937334818332,0.7021355888988223,0.5413991791644642,0.0625046954372262,0.49995723449750534,0.24999999817111176,0.25061422232370556,-0.0006142241525937953,0.0,0.5137116038101766,0.6943799091020617,0.5272843469191564,0.014345694430052822
stage2,stage2_from_shallow_more_trees_d4_i450_lr003_l2_5_5,2019-2022_cal2023_valid2024,2024,0.48774205570452267,550,0.03,4,5.0,,,,0.4861049201797189,0.24980692675678798,0.25553357051545356,-0.005726643758665578,0.0,0.5111907075009853,0.7049547429948636,0.5335918386770937,0.06630641135264669,0.4861049201797189,0.24980692675678798,0.249766310215348,4.061654143996951e-05,16.259173421365443,0.5111913837481363,0.692679594505102,0.4877352929004253,0.0057118887915660835
stage2,stage2_from_shallow_more_trees_d4_i450_lr003_l2_5_6,2019-2020_cal2021_valid2022,2022,0.5114727049981269,550,0.0255,4,5.0,,,,0.5289204435249241,0.24916360794632167,0.2489715490212269,0.00019205892509477351,77.08145129129353,0.5341744721454057,0.6911185424397585,0.5454086140561737,0.05729325345775669,0.5289204435249241,0.24916360794632167,0.24890612733615275,0.00025748061016891977,103.33796828965082,0.5339459128833614,0.6909578183909086,0.5116068656233814,0.011099973572228824
stage2,stage2_from_shallow_more_trees_d4_i450_lr003_l2_5_6,2019-2021_cal2022_valid2023,2023,0.5276733290608981,550,0.0255,4,5.0,,,,0.49995723449750534,0.24999999817111176,0.2540846032371739,-0.004084605066062147,0.0,0.5146114089499652,0.7018060555914557,0.5412231589595929,0.061953510852972335,0.49995723449750534,0.24999999817111176,0.250593085709723,-0.0005930875386112311,0.0,0.5144186142393168,0.6943374511800593,0.5272038127118986,0.014381911180719627
stage2,stage2_from_shallow_more_trees_d4_i450_lr003_l2_5_6,2019-2022_cal2023_valid2024,2024,0.48774205570452267,550,0.0255,4,5.0,,,,0.4861049201797189,0.24980692675678798,0.2554941832131363,-0.00568725645634835,0.0,0.5118542530219142,0.7048776335749575,0.5340566128320272,0.06590963295238579,0.4861049201797189,0.24980692675678798,0.24976374939139198,4.317736539599659e-05,17.28429469773433,0.5118544583596136,0.6926744723760109,0.48773697111634945,0.005602726949455781
stage2,stage2_from_shallow_more_trees_d4_i450_lr003_l2_5_7,2019-2020_cal2021_valid2022,2022,0.5114727049981269,450,0.03,4,7.5,,,,0.5289204435249241,0.24916360794632167,0.24895315092973225,0.0002104570165894215,84.46539136436053,0.5339316875629054,0.6910784243447787,0.5450019525867734,0.05690778219637483,0.5289204435249241,0.24916360794632167,0.2489081469340479,0.0002554610122737777,102.52741737822834,0.5337271246309121,0.6909618618052633,0.5116133547191689,0.011110040710974864
stage2,stage2_from_shallow_more_trees_d4_i450_lr003_l2_5_7,2019-2021_cal2022_valid2023,2023,0.5276733290608981,450,0.03,4,7.5,,,,0.49995723449750534,0.24999999817111176,0.25420859118498607,-0.004208593013874301,0.0,0.5142766260931024,0.7020696360487437,0.5419829053135098,0.06219390531059133,0.49995723449750534,0.24999999817111176,0.25059786710063353,-0.0005978689295217665,0.0,0.51410369242836,0.6943470729442938,0.5271672735865102,0.014426440385754795
stage2,stage2_from_shallow_more_trees_d4_i450_lr003_l2_5_7,2019-2022_cal2023_valid2024,2024,0.48774205570452267,450,0.03,4,7.5,,,,0.4861049201797189,0.24980692675678798,0.25542291825085894,-0.005615991494070965,0.0,0.5110344957483242,0.7047133302213829,0.5333902444440738,0.06520616268767661,0.4861049201797189,0.24980692675678798,0.24977019840008266,3.672835670531782e-05,14.702697472066717,0.5110346308233434,0.6926873864399516,0.4877378769021297,0.00550499494776379
stage2,stage2_from_shallow_more_trees_d4_i450_lr003_l2_5_8,2019-2020_cal2021_valid2022,2022,0.5114727049981269,600,0.03,4,5.0,,,,0.5289204435249241,0.24916360794632167,0.24929630068691205,-0.00013269274059038438,0.0,0.5317216161218322,0.6917866870011783,0.5462083224490412,0.058713786762317796,0.5289204435249241,0.24916360794632167,0.24895492456093418,0.00020868338538748699,83.75355739448294,0.5315572471360595,0.6910555199155889,0.5116107036419713,0.010781228544628188
stage2,stage2_from_shallow_more_trees_d4_i450_lr003_l2_5_8,2019-2021_cal2022_valid2023,2023,0.5276733290608981,600,0.03,4,5.0,,,,0.49995723449750534,0.24999999817111176,0.2542228859563366,-0.00422288778522481,0.0,0.5137283678391703,0.7020979453364975,0.5408910809333886,0.06261779315711229,0.49995723449750534,0.24999999817111176,0.2506153853202732,-0.000615387149161456,0.0,0.5136372605741174,0.6943822341656479,0.5272858241523128,0.014292665397208266
stage2,stage2_from_shallow_more_trees_d4_i450_lr003_l2_5_8,2019-2022_cal2023_valid2024,2024,0.48774205570452267,600,0.03,4,5.0,,,,0.4861049201797189,0.24980692675678798,0.2555340269217108,-0.00572710016492281,0.0,0.511300320240677,0.7049569501757196,0.5335346103174814,0.06655200453144902,0.4861049201797189,0.24980692675678798,0.24976407414761856,4.285260916941924e-05,17.15429180678426,0.5113007485440354,0.6926751159134227,0.4877338843137795,0.0057859872862699654
stage2,stage2_from_random_strength_2_9,2019-2020_cal2021_valid2022,2022,0.5114727049981269,320,0.045,6,5.0,2.0,,,0.5289204435249241,0.24916360794632167,0.2495057156722147,-0.0003421077258930205,0.0,0.5295238318484459,0.6922162708274064,0.5468025583749914,0.058390250986699956,0.5289204435249241,0.24916360794632167,0.24899942040396675,0.00016418754235492106,65.89547474777804,0.5294048948674484,0.6911445994121387,0.51158990918277,0.010517979211645549
stage2,stage2_from_random_strength_2_9,2019-2021_cal2022_valid2023,2023,0.5276733290608981,320,0.045,6,5.0,2.0,,,0.49995723449750534,0.24999999817111176,0.2541117181409576,-0.004111719969845856,0.0,0.5156948471072197,0.7019108002225252,0.541861278670816,0.0632225453675161,0.49995723449750534,0.24999999817111176,0.25056584582711483,-0.0005658476560030656,0.0,0.5154922714526211,0.6942826607037897,0.5271269211139895,0.014136993329603867
stage2,stage2_from_random_strength_2_9,2019-2022_cal2023_valid2024,2024,0.48774205570452267,320,0.045,6,5.0,2.0,,,0.4861049201797189,0.24980692675678798,0.25585741656843003,-0.006050489811642051,0.0,0.5108534773142022,0.7056645418650347,0.5362704367714964,0.0663873931670166,0.4861049201797189,0.24980692675678798,0.24977148870477558,3.543805201239314e-05,14.186176689526159,0.5108534463251211,0.692689960240922,0.48773658993110386,0.005519995668542205
stage2,stage2_from_random_strength_2_10,2019-2020_cal2021_valid2022,2022,0.5114727049981269,320,0.03825,6,5.0,2.0,,,0.5289204435249241,0.24916360794632167,0.24920254480084636,-3.893685452469042e-05,0.0,0.5317871837808562,0.6915927832940659,0.5458255034402693,0.056993122443478685,0.5289204435249241,0.24916360794632167,0.24895864618208743,0.00020496176423423496,82.2599118400913,0.5316348721696113,0.6910629939995774,0.5115828444117365,0.010729151809677899
stage2,stage2_from_random_strength_2_10,2019-2021_cal2022_valid2023,2023,0.5276733290608981,320,0.03825,6,5.0,2.0,,,0.49995723449750534,0.24999999817111176,0.2541698318032956,-0.004169833632183845,0.0,0.515260297095918,0.7020088015039617,0.5424108349460257,0.06272486606663524,0.49995723449750534,0.24999999817111176,0.25057546060477587,-0.0005754624336641034,0.0,0.5150401028363132,0.6943020571931964,0.5271515150025828,0.014346962043040704
stage2,stage2_from_random_strength_2_10,2019-2022_cal2023_valid2024,2024,0.48774205570452267,320,0.03825,6,5.0,2.0,,,0.4861049201797189,0.24980692675678798,0.2556241916115577,-0.005817264854769716,0.0,0.5113967459273375,0.7051712026901846,0.5345031047715496,0.06614323880929075,0.4861049201797189,0.24980692675678798,0.24976846615675422,3.846060003376284e-05,15.396130336773279,0.5113971572879221,0.6926839082100416,0.48773306105671665,0.005738336546983019
