stage,config_name,valid_year,feature_seconds,train_seconds,inference_seconds,rows_train,rows_cal,rows_valid
stage1,baseline_current,2022,13.608336687088013,8.3021240234375,0.059638023376464844,481500,247088,247472
stage1,baseline_current,2023,18.617401361465454,11.593218803405762,0.07574462890625,728588,247472,245525
stage1,baseline_current,2024,23.438973426818848,18.035665273666382,0.13641786575317383,976060,245525,253507
stage1,shallow_more_trees_d4_i450_lr003_l2_5,2022,13.608336687088013,15.619447708129883,0.09640002250671387,481500,247088,247472
stage1,shallow_more_trees_d4_i450_lr003_l2_5,2023,18.617401361465454,22.28365993499756,0.11787772178649902,728588,247472,245525
stage1,shallow_more_trees_d4_i450_lr003_l2_5,2024,23.438973426818848,28.53920078277588,0.08519721031188965,976060,245525,253507
stage1,shallow_more_trees_d5_i450_lr003_l2_5,2022,13.608336687088013,17.921931505203247,0.09272146224975586,481500,247088,247472
stage1,shallow_more_trees_d5_i450_lr003_l2_5,2023,18.617401361465454,25.338456869125366,0.11603784561157227,728588,247472,245525
stage1,shallow_more_trees_d5_i450_lr003_l2_5,2024,23.438973426818848,32.63949632644653,0.09255003929138184,976060,245525,253507
stage1,shallow_slow_d5_i600_lr002_l2_5,2022,13.608336687088013,23.700358390808105,0.11632180213928223,481500,247088,247472
stage1,shallow_slow_d5_i600_lr002_l2_5,2023,18.617401361465454,33.912697076797485,0.09362363815307617,728588,247472,245525
stage1,shallow_slow_d5_i600_lr002_l2_5,2024,23.438973426818848,44.664252042770386,0.09804248809814453,976060,245525,253507
stage1,baseline_more_trees_i300_lr003,2022,13.608336687088013,13.73568081855774,0.08421015739440918,481500,247088,247472
stage1,baseline_more_trees_i300_lr003,2023,18.617401361465454,19.34156823158264,0.09722590446472168,728588,247472,245525
stage1,baseline_more_trees_i300_lr003,2024,23.438973426818848,24.561965703964233,0.10296463966369629,976060,245525,253507
stage1,baseline_more_trees_i450_lr002,2022,13.608336687088013,20.659093379974365,0.08464884757995605,481500,247088,247472
stage1,baseline_more_trees_i450_lr002,2023,18.617401361465454,28.780184507369995,0.09377002716064453,728588,247472,245525
stage1,baseline_more_trees_i450_lr002,2024,23.438973426818848,37.17929816246033,0.09303092956542969,976060,245525,253507
stage1,baseline_more_trees_i450_lr003,2022,13.608336687088013,20.301462650299072,0.07294559478759766,481500,247088,247472
stage1,baseline_more_trees_i450_lr003,2023,18.617401361465454,28.807260990142822,0.10918498039245605,728588,247472,245525
stage1,baseline_more_trees_i450_lr003,2024,23.438973426818848,37.4079270362854,0.08714723587036133,976060,245525,253507
stage1,baseline_fast_i200_lr006,2022,13.608336687088013,9.12084150314331,0.06941771507263184,481500,247088,247472
stage1,baseline_fast_i200_lr006,2023,18.617401361465454,12.794955015182495,0.07038164138793945,728588,247472,245525
stage1,baseline_fast_i200_lr006,2024,23.438973426818848,16.598783254623413,0.07623529434204102,976060,245525,253507
stage1,baseline_l2_3,2022,13.608336687088013,10.130724430084229,0.08389973640441895,481500,247088,247472
stage1,baseline_l2_3,2023,18.617401361465454,14.075377702713013,0.07448315620422363,728588,247472,245525
stage1,baseline_l2_3,2024,23.438973426818848,18.21660327911377,0.0757598876953125,976060,245525,253507
stage1,baseline_l2_10,2022,13.608336687088013,10.142926216125488,0.06912112236022949,481500,247088,247472
stage1,baseline_l2_10,2023,18.617401361465454,14.797881841659546,0.092254638671875,728588,247472,245525
stage1,baseline_l2_10,2024,23.438973426818848,18.41868305206299,0.07952570915222168,976060,245525,253507
stage1,baseline_l2_20,2022,13.608336687088013,10.158664464950562,0.08945631980895996,481500,247088,247472
stage1,baseline_l2_20,2023,18.617401361465454,14.284372329711914,0.07925820350646973,728588,247472,245525
stage1,baseline_l2_20,2024,23.438973426818848,18.416373252868652,0.07518649101257324,976060,245525,253507
stage1,deeper_d7_l2_10,2022,13.608336687088013,11.607351064682007,0.07317423820495605,481500,247088,247472
stage1,deeper_d7_l2_10,2023,18.617401361465454,16.138656854629517,0.08373045921325684,728588,247472,245525
stage1,deeper_d7_l2_10,2024,23.438973426818848,20.65608811378479,0.0799262523651123,976060,245525,253507
stage1,deeper_d7_i300_lr003_l2_10,2022,13.608336687088013,15.733781576156616,0.07501864433288574,481500,247088,247472
stage1,deeper_d7_i300_lr003_l2_10,2023,18.617401361465454,21.824278593063354,0.09220123291015625,728588,247472,245525
stage1,deeper_d7_i300_lr003_l2_10,2024,23.438973426818848,28.110406398773193,0.08313584327697754,976060,245525,253507
stage1,deeper_d8_l2_20,2022,13.608336687088013,14.256201028823853,0.09009838104248047,481500,247088,247472
stage1,deeper_d8_l2_20,2023,18.617401361465454,18.968517780303955,0.08806252479553223,728588,247472,245525
stage1,deeper_d8_l2_20,2024,23.438973426818848,24.26700782775879,0.07907485961914062,976060,245525,253507
stage1,deeper_d8_i300_lr003_l2_20,2022,13.608336687088013,18.56917667388916,0.10446429252624512,481500,247088,247472
stage1,deeper_d8_i300_lr003_l2_20,2023,18.617401361465454,25.7205331325531,0.08964824676513672,728588,247472,245525
stage1,deeper_d8_i300_lr003_l2_20,2024,23.438973426818848,32.1743540763855,0.10262846946716309,976060,245525,253507
stage1,random_strength_05,2022,13.608336687088013,10.0051589012146,0.07015371322631836,481500,247088,247472
stage1,random_strength_05,2023,18.617401361465454,14.258374214172363,0.08609294891357422,728588,247472,245525
stage1,random_strength_05,2024,23.438973426818848,18.10500431060791,0.0664982795715332,976060,245525,253507
stage1,random_strength_1,2022,13.608336687088013,10.171278476715088,0.07329154014587402,481500,247088,247472
stage1,random_strength_1,2023,18.617401361465454,14.120616436004639,0.07555913925170898,728588,247472,245525
stage1,random_strength_1,2024,23.438973426818848,18.03280210494995,0.07650184631347656,976060,245525,253507
stage1,random_strength_2,2022,13.608336687088013,10.085106611251831,0.06849384307861328,481500,247088,247472
stage1,random_strength_2,2023,18.617401361465454,14.232961177825928,0.08160710334777832,728588,247472,245525
stage1,random_strength_2,2024,23.438973426818848,18.25624108314514,0.06963562965393066,976060,245525,253507
stage1,bagging_temp_05,2022,13.608336687088013,10.115432024002075,0.06479811668395996,481500,247088,247472
stage1,bagging_temp_05,2023,18.617401361465454,14.071582317352295,0.07600927352905273,728588,247472,245525
stage1,bagging_temp_05,2024,23.438973426818848,17.996963024139404,0.07906031608581543,976060,245525,253507
stage1,bagging_temp_1,2022,13.608336687088013,10.105328798294067,0.08981847763061523,481500,247088,247472
stage1,bagging_temp_1,2023,18.617401361465454,14.453447580337524,0.07562947273254395,728588,247472,245525
stage1,bagging_temp_1,2024,23.438973426818848,18.301090717315674,0.07814431190490723,976060,245525,253507
stage1,bagging_temp_2,2022,13.608336687088013,10.158194780349731,0.06647276878356934,481500,247088,247472
stage1,bagging_temp_2,2023,18.617401361465454,14.113483905792236,0.0814518928527832,728588,247472,245525
stage1,bagging_temp_2,2024,23.438973426818848,18.075857877731323,0.07684493064880371,976060,245525,253507
stage1,rsm_085,2022,13.608336687088013,11.0850191116333,0.07023239135742188,481500,247088,247472
stage1,rsm_085,2023,18.617401361465454,15.628684282302856,0.06519699096679688,728588,247472,245525
stage1,rsm_085,2024,23.438973426818848,20.024924993515015,0.08773946762084961,976060,245525,253507
stage1,rsm_07_l2_10,2022,13.608336687088013,11.095095157623291,0.08317399024963379,481500,247088,247472
stage1,rsm_07_l2_10,2023,18.617401361465454,15.709497451782227,0.07427763938903809,728588,247472,245525
stage1,rsm_07_l2_10,2024,23.438973426818848,20.242286920547485,0.0685276985168457,976060,245525,253507
stage1,conservative_d5_i300_lr003_l2_10_rs1_bag1_rsm085,2022,13.608336687088013,13.067001819610596,0.07097291946411133,481500,247088,247472
stage1,conservative_d5_i300_lr003_l2_10_rs1_bag1_rsm085,2023,18.617401361465454,18.51132607460022,0.07820391654968262,728588,247472,245525
stage1,conservative_d5_i300_lr003_l2_10_rs1_bag1_rsm085,2024,23.438973426818848,23.742244005203247,0.07360529899597168,976060,245525,253507
stage1,regularized_d6_i300_lr003_l2_20_rs1_bag1,2022,13.608336687088013,13.7457275390625,0.07128500938415527,481500,247088,247472
stage1,regularized_d6_i300_lr003_l2_20_rs1_bag1,2023,18.617401361465454,19.9001522064209,0.06746053695678711,728588,247472,245525
stage1,regularized_d6_i300_lr003_l2_20_rs1_bag1,2024,23.438973426818848,25.06074595451355,0.08353710174560547,976060,245525,253507
stage2,stage2_from_conservative_d5_i300_lr003_l2_10_rs1_bag1_rsm085_1,2022,13.608336687088013,17.8213210105896,0.07571601867675781,481500,247088,247472
stage2,stage2_from_conservative_d5_i300_lr003_l2_10_rs1_bag1_rsm085_1,2023,18.617401361465454,25.24499797821045,0.08916330337524414,728588,247472,245525
stage2,stage2_from_conservative_d5_i300_lr003_l2_10_rs1_bag1_rsm085_1,2024,23.438973426818848,31.639641284942627,0.08737587928771973,976060,245525,253507
stage2,stage2_from_conservative_d5_i300_lr003_l2_10_rs1_bag1_rsm085_2,2022,13.608336687088013,17.212444067001343,0.06847667694091797,481500,247088,247472
stage2,stage2_from_conservative_d5_i300_lr003_l2_10_rs1_bag1_rsm085_2,2023,18.617401361465454,24.515558004379272,0.08128213882446289,728588,247472,245525
stage2,stage2_from_conservative_d5_i300_lr003_l2_10_rs1_bag1_rsm085_2,2024,23.438973426818848,31.352024793624878,0.08575606346130371,976060,245525,253507
stage2,stage2_from_conservative_d5_i300_lr003_l2_10_rs1_bag1_rsm085_3,2022,13.608336687088013,12.97597622871399,0.06526374816894531,481500,247088,247472
stage2,stage2_from_conservative_d5_i300_lr003_l2_10_rs1_bag1_rsm085_3,2023,18.617401361465454,18.480555772781372,0.07457590103149414,728588,247472,245525
stage2,stage2_from_conservative_d5_i300_lr003_l2_10_rs1_bag1_rsm085_3,2024,23.438973426818848,23.6610164642334,0.08038330078125,976060,245525,253507
stage2,stage2_from_conservative_d5_i300_lr003_l2_10_rs1_bag1_rsm085_4,2022,13.608336687088013,16.30031156539917,0.07630705833435059,481500,247088,247472
stage2,stage2_from_conservative_d5_i300_lr003_l2_10_rs1_bag1_rsm085_4,2023,18.617401361465454,23.33814811706543,0.0805356502532959,728588,247472,245525
stage2,stage2_from_conservative_d5_i300_lr003_l2_10_rs1_bag1_rsm085_4,2024,23.438973426818848,30.273058891296387,0.08474898338317871,976060,245525,253507
stage2,stage2_from_shallow_more_trees_d4_i450_lr003_l2_5_5,2022,13.608336687088013,18.681991577148438,0.07888579368591309,481500,247088,247472
stage2,stage2_from_shallow_more_trees_d4_i450_lr003_l2_5_5,2023,18.617401361465454,26.757429838180542,0.07461690902709961,728588,247472,245525
stage2,stage2_from_shallow_more_trees_d4_i450_lr003_l2_5_5,2024,23.438973426818848,34.086710929870605,0.09039473533630371,976060,245525,253507
stage2,stage2_from_shallow_more_trees_d4_i450_lr003_l2_5_6,2022,13.608336687088013,19.409302711486816,0.07917475700378418,481500,247088,247472
stage2,stage2_from_shallow_more_trees_d4_i450_lr003_l2_5_6,2023,18.617401361465454,26.607502222061157,0.09506654739379883,728588,247472,245525
stage2,stage2_from_shallow_more_trees_d4_i450_lr003_l2_5_6,2024,23.438973426818848,34.579121828079224,0.08481860160827637,976060,245525,253507
stage2,stage2_from_shallow_more_trees_d4_i450_lr003_l2_5_7,2022,13.608336687088013,15.520907878875732,0.08093857765197754,481500,247088,247472
stage2,stage2_from_shallow_more_trees_d4_i450_lr003_l2_5_7,2023,18.617401361465454,21.894999504089355,0.08452296257019043,728588,247472,245525
stage2,stage2_from_shallow_more_trees_d4_i450_lr003_l2_5_7,2024,23.438973426818848,28.387380599975586,0.0794525146484375,976060,245525,253507
stage2,stage2_from_shallow_more_trees_d4_i450_lr003_l2_5_8,2022,13.608336687088013,20.273078680038452,0.0834798812866211,481500,247088,247472
stage2,stage2_from_shallow_more_trees_d4_i450_lr003_l2_5_8,2023,18.617401361465454,28.965977668762207,0.11727595329284668,728588,247472,245525
stage2,stage2_from_shallow_more_trees_d4_i450_lr003_l2_5_8,2024,23.438973426818848,37.50161361694336,0.09820079803466797,976060,245525,253507
stage2,stage2_from_random_strength_2_9,2022,13.608336687088013,14.828678607940674,0.07880401611328125,481500,247088,247472
stage2,stage2_from_random_strength_2_9,2023,18.617401361465454,20.539323806762695,0.09418773651123047,728588,247472,245525
stage2,stage2_from_random_strength_2_9,2024,23.438973426818848,26.40908408164978,0.0831599235534668,976060,245525,253507
stage2,stage2_from_random_strength_2_10,2022,13.608336687088013,14.655763387680054,0.08249807357788086,481500,247088,247472
stage2,stage2_from_random_strength_2_10,2023,18.617401361465454,20.805341720581055,0.07602691650390625,728588,247472,245525
stage2,stage2_from_random_strength_2_10,2024,23.438973426818848,26.43743109703064,0.10545778274536133,976060,245525,253507
