method,prior_name,weight,mean_brier,std_brier,mean_logloss,mean_bias,folds
blend,linear_all_history,0.22,0.2488293554419701,,0.6908023494218568,0.0022800521362627,1
blend,linear_recent_3y,0.22,0.2488293554419701,,0.6908023494218568,0.0022800521362627,1
blend,linear_all_history,0.24,0.24882946709947557,,0.6908025988329287,0.001774211350030308,1
blend,linear_recent_3y,0.24,0.24882946709947557,,0.6908025988329287,0.001774211350030308,1
blend,linear_all_history,0.26,0.24883043479131484,,0.6908045734510475,0.001268370563798027,1
blend,linear_recent_3y,0.26,0.24883043479131484,,0.6908045734510475,0.001268370563798027,1
blend,linear_all_history,0.18,0.24883170022996048,,0.690807031013502,0.0032917337087272625,1
blend,linear_recent_3y,0.18,0.24883170022996048,,0.690807031013502,0.0032917337087272625,1
blend,linear_all_history,0.28,0.24883225851748791,,0.6908082721268431,0.0007625297775656348,1
blend,linear_recent_3y,0.28,0.24883225851748791,,0.6908082721268431,0.0007625297775656348,1
blend,linear_all_history,0.16,0.24883415667545639,,0.690811964510583,0.0037975744949596546,1
blend,linear_recent_3y,0.16,0.24883415667545639,,0.690811964510583,0.0037975744949596546,1
blend,linear_all_history,0.14,0.2488374691552861,,0.6908186282037541,0.004303415281191714,1
blend,linear_recent_3y,0.14,0.2488374691552861,,0.6908186282037541,0.004303415281191714,1
blend,recency_weighted_linear,0.24,0.24884070402736802,,0.6908251274035386,0.0037927237978805373,1
blend,recency_weighted_linear,0.26,0.24884076369079802,,0.6908252579493456,0.0034550923823024604,1
blend,recency_weighted_linear,0.22,0.24884121663841538,,0.6908261514687067,0.004130355213458614,1
blend,recency_weighted_linear,0.28,0.2488413956287053,,0.6908265424193649,0.0031174609667243836,1
blend,linear_all_history,0.12,0.24884163766944953,,0.690827023438955,0.004809256067424106,1
blend,linear_recent_3y,0.12,0.24884163766944953,,0.690827023438955,0.004809256067424106,1
blend,recency_weighted_linear,0.18,0.24884395868394205,,0.6908316662818093,0.00480561804461499,1
blend,recency_weighted_linear,0.16,0.2488461881184214,,0.6908361585062858,0.005143249460193067,1
blend,recency_weighted_linear,0.14,0.24884898982737805,,0.6908418082949757,0.005480880875771144,1
blend,recency_weighted_linear,0.12,0.24885236381081205,,0.6908486164381227,0.00581851229134922,1
blend,prev_year_rate,0.18,0.24887161233524766,,0.6908872795872909,0.007123736105185685,1
blend,prev_year_rate,0.16,0.24887162982124494,,0.6908873454076461,0.007203798847367104,1
blend,linear_recent_2y,0.18,0.2488717404127614,,0.6908875372543754,0.0071327199307165134,1
blend,linear_recent_2y,0.16,0.24887174493865422,,0.6908875770835261,0.007211784470060989,1
blend,prev_year_rate,0.14,0.2488720044118594,,0.6908881318327855,0.007283861589548302,1
blend,linear_recent_2y,0.14,0.24887210625148162,,0.690888336861264,0.007290849009405798,1
blend,prev_year_rate,0.22,0.24887264867710446,,0.6908893087369833,0.0069636106208228465,1
blend,prev_year_rate,0.12,0.24887273610709093,,0.6908896391316325,0.007363924331729721,1
blend,linear_recent_2y,0.22,0.24887280172177922,,0.6908896164236492,0.006974590852027229,1
blend,linear_recent_2y,0.12,0.2488728243512435,,0.6908898168550599,0.007369913548750273,1
blend,prev_year_rate,0.24,0.24887370250495855,,0.6908914032208581,0.006883547878641538,1
blend,linear_recent_2y,0.24,0.24887386755668992,,0.6908917349387621,0.006895526312682532,1
blend,prev_year_rate,0.26,0.24887511343742977,,0.6908942173371272,0.006803485136460119,1
blend,linear_recent_2y,0.26,0.2488752901785351,,0.690894572435794,0.006816461773337945,1
blend,prev_year_rate,0.28,0.2488768814745181,,0.6908977508684094,0.006723422394278811,1
blend,linear_recent_2y,0.28,0.24887706958731487,,0.6908981286987719,0.0067373972339933585,1
blend,exp_smoothing_0.65,0.12,0.24887984292277734,,0.6909039530560918,0.007831615238881096,1
blend,exp_smoothing_0.65,0.14,0.24888025085781867,,0.6909047352238661,0.007829500981225035,1
blend,exp_smoothing_0.65,0.16,0.24888100308633193,,0.6909062110630182,0.007827386723568752,1
blend,exp_smoothing_0.65,0.18,0.24888209960831711,,0.6909083804093781,0.007825272465912803,1
blend,exp_smoothing_0.65,0.02,0.24945548558496056,0.0008096626288185657,0.6920570519933187,0.011129986151210497,2
blend,exp_smoothing_0.65,0.04,0.2494564495789982,0.0008128835374798865,0.6920589402192417,0.011236272172587686,2
blend,exp_smoothing_0.65,0.06,0.24945768859535822,0.0008160064819419111,0.6920613818312096,0.01134255819396493,2
blend,exp_smoothing_0.65,0.08,0.2494592026340404,0.0008190314622044921,0.692064376702565,0.01144884421534223,2
blend,linear_all_history,0.7,0.24972410604481368,0.0006026387065303263,0.692595961547963,0.005569342775372595,3
blend,linear_all_history,0.75,0.24972446315826805,0.0004939562977770763,0.6925963492680772,0.0047130917642399335,3
blend,linear_all_history,0.65,0.24973037840047288,0.0006562432078125537,0.6926090193157691,0.006425593786505275,3
blend,linear_all_history,0.8,0.24973144974083597,0.00045166230198329354,0.692610133238051,0.0038568407531072526,3
blend,linear_all_history,0.6,0.24974328022524564,0.0007132907951713035,0.6926355805392502,0.007281844797637956,3
blend,linear_all_history,0.85,0.24974506579251746,0.0004607868738315235,0.692637272665944,0.0030005897419746095,3
blend,recency_weighted_linear,0.75,0.24976489057331366,0.0006502538322331928,0.6926775274973626,0.007675377332650298,3
blend,linear_all_history,0.9,0.2497653113133125,0.0004199234141421848,0.6926777349723748,0.0021443387308419104,3
blend,recency_weighted_linear,0.7,0.24976731230834562,0.0007630312738019204,0.692682847127443,0.008334142639222294,3
blend,recency_weighted_linear,0.8,0.24976831630603966,0.0006218096577778165,0.6926840707468863,0.0070166120260783576,3
blend,recency_weighted_linear,0.65,0.24977558151113552,0.0008032877836710284,0.6927000732672743,0.008992907945794307,3
blend,recency_weighted_linear,0.85,0.24977758950652354,0.0006676830736819821,0.6927024404525866,0.006357846719506344,3
blend,linear_recent_2y,0.48,0.24977999294452033,,0.6927069555813782,0.00013238226629302963,1
blend,linear_recent_2y,0.52,0.2497804048703069,,0.6927077872746212,-0.0010401775010865921,1
blend,linear_recent_2y,0.46,0.24978098851006922,,0.6927089452632639,0.000718662149982896,1
blend,linear_recent_2y,0.54,0.24978181236164232,,0.6927106087841768,-0.001626457384776403,1
blend,linear_recent_2y,0.44,0.24978278509457955,,0.6927125385857328,0.0013049420336726514,1
blend,linear_recent_2y,0.56,0.24978402087193916,,0.6927150342031593,-0.0022127372684661584,1
blend,linear_recent_2y,0.42,0.24978538269805128,,0.6927177355483769,0.0018912219173625178,1
blend,linear_recent_2y,0.58,0.2497870304011975,,0.692721063665559,-0.0027990171521560803,1
blend,linear_all_history,0.5,0.24978897228213182,0.0008387859906238597,0.6927294909630466,0.008994346819903298,3
blend,recency_weighted_linear,0.6,0.24978969818168337,0.0008478325420580116,0.6927292569991966,0.009651673252366303,3
blend,recency_weighted_linear,0.9,0.24979271017476537,0.0006445742949075269,0.6927326071930899,0.005699081412934422,3
blend,recency_weighted_linear,0.83,0.24979779537994615,,0.6927427017643835,0.002850695067431075,1
blend,recency_weighted_linear,0.81,0.2497979389638491,,0.6927429869682916,0.003124246980862888,1
blend,recency_weighted_linear,0.87,0.24979829790830846,,0.692743710865735,0.002303591240567615,1
blend,recency_weighted_linear,0.79,0.24979834577980817,,0.6927437986651694,0.0033977988942945903,1
blend,recency_weighted_linear,0.89,0.24979894402057373,,0.6927450052004419,0.0020300393271358574,1
blend,recency_weighted_linear,0.77,0.2497990158278233,,0.6927451368546109,0.003671350807726348,1
blend,recency_weighted_linear,0.91,0.24979985336489507,,0.6927468260870154,0.0017564874137040998,1
blend,recency_weighted_linear,0.93,0.24980102594127254,,0.6927491735545016,0.0014829355002723421,1
blend,recency_weighted_linear,0.95,0.24980246174970608,,0.6927520476376795,0.0012093835868405844,1
blend,linear_recent_2y,0.7,0.24981813877293282,0.0008194052236097997,0.6927847316893212,0.00851090945327887,3
blend,linear_recent_2y,0.65,0.2498189562296053,0.0008522544883170086,0.6927871176665823,0.009157048558846878,3
blend,linear_recent_2y,0.75,0.24982375667392,0.0007081858200084735,0.6927954501414092,0.007864770347710937,3
blend,linear_all_history,1.0,0.24982569076224326,0.0003508136009130435,0.6927985378855057,0.00043183670857656803,3
prior,linear_all_history,1.0,0.24982569076224326,0.0003508136009130435,0.6927985378855057,0.00043183670857656803,3
blend,linear_recent_2y,0.6,0.2498262090439374,0.0008903569504746139,0.6928026530273569,0.009803187664414792,3
blend,recency_weighted_linear,0.5,0.2498354739260528,0.000950182243790976,0.6928237406203385,0.010969203865510221,3
blend,linear_recent_2y,0.8,0.2498358099325669,0.0006881023360756278,0.692819235359385,0.007218631242143003,3
blend,recency_weighted_linear,1.0,0.24984049391452298,0.0006125381004528346,0.6928282481361926,0.004381550799790412,3
prior,recency_weighted_linear,1.0,0.24984049391452298,0.0006125381004528346,0.6928282481361926,0.004381550799790412,3
blend,linear_recent_2y,0.85,0.24985429854887342,0.0007519885967935076,0.6928560567422348,0.006572492136575014,3
blend,linear_recent_2y,0.5,0.24986002074558064,0.000982400571073101,0.6928733898348005,0.011095465875550659,3
blend,linear_all_history,0.4,0.24986118221547224,0.0009813506847443554,0.6928783455830568,0.01070684884216864,3
blend,linear_recent_3y,0.65,0.24986995837744294,0.0008773614555060648,0.69288986482283,0.008724423097567083,3
blend,linear_recent_3y,0.7,0.24987190730973718,0.0008355919105346441,0.6928929773000382,0.008045005110362213,3
blend,linear_recent_3y,0.6,0.24987427953806915,0.000922705774979595,0.6928995562075834,0.0094038410847719,3
blend,linear_recent_2y,0.9,0.24987922252283956,0.0007397137915117258,0.6929058905611215,0.005926353031007174,3
blend,linear_recent_3y,0.75,0.24988012633495185,0.0007133365627591915,0.6929088475300075,0.007365587123157362,3
blend,linear_recent_3y,0.8,0.24989461545308692,0.0006828157756626791,0.6929374365691707,0.006686169135952547,3
blend,linear_recent_3y,0.5,0.24990173213808275,0.0010239136682147637,0.692957572420963,0.010762677059181602,3
blend,recency_weighted_linear,0.4,0.249904639541454,0.001071041195447306,0.6929668680067339,0.012286734478654193,3
blend,linear_recent_3y,0.85,0.24991537466414246,0.0007335388458521925,0.692978712420926,0.006006751148747695,3
blend,linear_recent_2y,0.4,0.24991957387786248,0.0010956025557094483,0.6929974590080742,0.012387744086686562,3
blend,prev_year_rate,0.7,0.24992005899991176,0.0008965250316043293,0.6929891171219795,0.016153617384258506,3
blend,prev_year_rate,0.75,0.24992187820451636,0.0007813873782598082,0.6929921521767692,0.016053385988046065,3
blend,prev_year_rate,0.65,0.2499231979912874,0.0009240895395087066,0.6929962327698687,0.016253848780470686,3
blend,prev_year_rate,0.8,0.24992865560510116,0.0007650486852453789,0.6930053015915707,0.015953154591833846,3
blend,prev_year_rate,0.6,0.2499312951786434,0.0009563745428588584,0.6930135421571867,0.01635408017668294,3
blend,prev_year_rate,0.85,0.24994039120166633,0.0008417601114268215,0.6930285355063971,0.015852923195621555,3
blend,linear_recent_3y,0.9,0.24994240396811837,0.0007083332296063464,0.6930326498531212,0.0053273331615428425,3
blend,linear_recent_2y,1.0,0.2499483765437509,0.0007300717402392901,0.6930445340539487,0.0046340748198713255,3
prior,linear_recent_2y,1.0,0.2499483765437509,0.0007300717402392901,0.6930445340539487,0.0046340748198713255,3
blend,linear_recent_3y,0.4,0.24995426510977806,0.0011393099906592092,0.6930675490724822,0.012121513033591269,3
blend,prev_year_rate,0.9,0.24995708499421174,0.0008329408999807271,0.6930618303675691,0.015752691799409396,3
blend,linear_all_history,0.3,0.24995991002526688,0.0011430640957891035,0.6930829654847415,0.012419350864433984,3
blend,prev_year_rate,0.5,0.24996236414129613,0.001035533985827326,0.6930789493082444,0.01655454296910741,3
blend,prev_year_rate,0.58,0.24997518593865115,,0.6930975694085495,0.013999644083752594,1
blend,prev_year_rate,0.62,0.24997527645533485,,0.6930977450691604,0.01398561267747006,1
blend,prev_year_rate,0.56,0.24997531118410568,,0.6930978231912954,0.014006659786893694,1
blend,prev_year_rate,0.64,0.24997549221747303,,0.6930981744415629,0.01397859697432885,1
blend,prev_year_rate,0.54,0.24997555009875783,,0.6930983047661283,0.014013675490035016,1
blend,prev_year_rate,0.66,0.2499758216488088,,0.6930988314641396,0.013971581271187528,1
blend,prev_year_rate,0.52,0.24997590268260753,,0.6930990141726516,0.014020691193176338,1
blend,prev_year_rate,0.68,0.24997626474934215,,0.6930997161055312,0.013964565568046206,1
blend,linear_all_history,0.92,0.24999159671784038,0.00021595454992279258,0.6931304416474442,0.010414945180517249,2
blend,linear_all_history,0.88,0.24999211321910564,0.00021588107136901802,0.6931315396792883,0.010936605607644173,2
blend,linear_all_history,0.94,0.24999308305033835,0.00021809586677061014,0.693133397561362,0.010154114966953814,2
blend,linear_all_history,0.86,0.24999411605286878,0.00021794890966299235,0.6931355976415868,0.011197435821207635,2
blend,linear_all_history,0.96,0.24999573243825662,0.00022164023533231903,0.6931386878893855,0.009893284753390325,2
blend,recency_weighted_linear,0.3,0.24999719502788698,0.0012114490828872475,0.6931593526991543,0.013604265091798129,3
blend,linear_all_history,0.84,0.24999728194205229,0.00022141979967082862,0.6931419980548299,0.011458266034771014,2
blend,linear_all_history,0.98,0.24999954488159531,0.0002265876556079488,0.6931463113287095,0.00963245453982689,2
blend,linear_all_history,0.82,0.2500016108866561,0.00022629374139262494,0.6931507436440545,0.011719096248334504,2
blend,linear_recent_2y,0.3,0.25000486844078296,0.0012299196726893872,0.693175516671983,0.01368002229782241,3
blend,prev_year_rate,1.0,0.2500053471672434,0.00083027086360438,0.6931585394118075,0.015552229006984719,3
prior,prev_year_rate,1.0,0.2500053471672434,0.00083027086360438,0.6931585394118075,0.015552229006984719,3
blend,prev_year_rate,0.4,0.25001326588786993,0.0011350641237620604,0.6931858273389798,0.016755005761531955,3
blend,linear_recent_3y,1.0,0.2500152728548315,0.0006740329374096835,0.693178441488822,0.0039684971871330466,3
prior,linear_recent_3y,1.0,0.2500152728548315,0.0006740329374096835,0.693178441488822,0.0039684971871330466,3
blend,linear_recent_3y,0.3,0.25003187845315505,0.0012695397870600771,0.6932301455030366,0.013480349008000972,3
blend,exp_smoothing_0.65,0.6,0.25005137043280795,0.0009985922073923285,0.6932542921710968,0.01989228621059458,3
blend,exp_smoothing_0.65,0.65,0.2500543350354917,0.0009718832706732605,0.6932590613605781,0.02008690531720832,3
blend,exp_smoothing_0.65,0.5,0.2500608029779317,0.0010670899223053458,0.6932765188796609,0.01950304799736713,3
blend,exp_smoothing_0.65,0.7,0.2500624202216725,0.0009499000345965924,0.6932743550201071,0.020281524423822028,3
blend,exp_smoothing_0.65,0.75,0.2500756259913504,0.000833995134779467,0.6933001338005701,0.020476143530435698,3
blend,prev_year_rate,0.3,0.25008400041836487,0.0012561480133877292,0.6933347929768172,0.016955468553956504,3
blend,linear_all_history,0.2,0.25008515571151574,0.0013256545439233368,0.6933443620800285,0.014131852886699362,3
blend,exp_smoothing_0.65,0.4,0.2500907178570438,0.001157180095004774,0.6933414912304371,0.019113809784139752,3
blend,exp_smoothing_0.65,0.8,0.2500939523445255,0.0008222556062219819,0.693336364919273,0.02067076263704944,3
blend,recency_weighted_linear,0.2,0.25011314038535165,0.0013723452811820853,0.693402070170039,0.014921795704942101,3
blend,linear_recent_2y,0.2,0.2501159044343421,0.0013852503926025082,0.6934083752640984,0.014972300508958333,3
blend,exp_smoothing_0.65,0.85,0.25011739928119764,0.000910387223483933,0.6933830219616146,0.02086538174366322,3
blend,linear_recent_3y,0.2,0.2501345721682138,0.0014155069449146138,0.6934461735241215,0.014839184982410658,3
blend,exp_smoothing_0.65,0.3,0.2501411150701443,0.0012704187415918133,0.6934497900160302,0.018724571570912302,3
blend,exp_smoothing_0.65,0.9,0.25014596680136686,0.0009055806051915788,0.6934400847161258,0.021060000850276855,3
blend,prev_year_rate,0.2,0.25017456773278085,0.0013998698747946052,0.6935266066521434,0.017155931346381048,3
blend,exp_smoothing_0.65,0.2,0.25021199461723326,0.0014079589082944667,0.6936021355746659,0.01833533335768489,3
blend,exp_smoothing_0.65,1.0,0.2502184635921966,0.0009082550931214118,0.69358537675569,0.021449239063504228,3
prior,exp_smoothing_0.65,1.0,0.2502184635921966,0.0009082550931214118,0.69358537675569,0.021449239063504228,3
blend,linear_all_history,0.1,0.2502369192742188,0.0015304608165275914,0.6936637667484131,0.01584435490896467,3
blend,linear_recent_3y,0.83,0.2502505431319545,0.0006316387575292369,0.6936498749018727,0.015991823437355723,2
blend,linear_recent_3y,0.81,0.2502511461460725,0.0006318283961654267,0.6936512725884765,0.016146553836562466,2
blend,recency_weighted_linear,0.1,0.25025247561384806,0.0015544934899758861,0.6936960824174038,0.01623932631808604,3
blend,linear_recent_3y,0.87,0.2502525675191204,0.0006348101955329621,0.6936536392090734,0.015682362638942265,2
blend,linear_recent_2y,0.1,0.2502526818585398,0.0015614736399147166,0.6936970263206398,0.01626457872009422,3
blend,linear_recent_3y,0.79,0.25025282596532455,0.0006332016065603672,0.6936548600144938,0.016301284235769237,2
blend,linear_recent_3y,0.89,0.2502551949204044,0.0006381712721729654,0.6936587970261989,0.015527632239735467,2
blend,linear_recent_3y,0.77,0.2502555825897106,0.0006357583887139895,0.6936606398638852,0.016456014634975952,2
blend,linear_recent_3y,0.91,0.2502588991268224,0.0006427159205716603,0.6936661362253147,0.015372901840528697,2
blend,linear_recent_3y,0.1,0.2502623462549541,0.00157817912220918,0.6937166190519998,0.016198020956820363,3
blend,linear_recent_3y,0.93,0.2502636801383744,0.0006484441407290962,0.6936756553014982,0.015218171441321954,2
blend,linear_recent_3y,0.95,0.25026953795506035,0.0006553559326452042,0.6936873529801802,0.015063441042115155,2
blend,prev_year_rate,0.1,0.25028496783111803,0.0015671007479216043,0.6937621934371417,0.01735639413880552,3
blend,exp_smoothing_0.65,0.1,0.25030335649831054,0.0015705232425343375,0.6937994075148004,0.01794609514445748,3
blend,exp_smoothing_0.65,0.0,0.2504152007133762,0.0017584718459594758,0.6940426711027131,0.017556856931230064,3
blend,linear_all_history,0.0,0.2504152007133762,0.0017584718459594758,0.6940426711027131,0.017556856931230064,3
blend,linear_recent_2y,0.0,0.2504152007133762,0.0017584718459594758,0.6940426711027131,0.017556856931230064,3
blend,linear_recent_3y,0.0,0.2504152007133762,0.0017584718459594758,0.6940426711027131,0.017556856931230064,3
blend,prev_year_rate,0.0,0.2504152007133762,0.0017584718459594758,0.6940426711027131,0.017556856931230064,3
blend,recency_weighted_linear,0.0,0.2504152007133762,0.0017584718459594758,0.6940426711027131,0.017556856931230064,3
platt,,0.0,0.2504152007133762,0.0017584718459594758,0.6940426711027131,0.017556856931230064,3
blend,recency_weighted_linear,0.88,0.25043283117569776,,0.6940140189461352,0.022732428823457107,1
blend,recency_weighted_linear,0.86,0.2504337027384029,,0.6940159455057938,0.022911763862333567,1
blend,recency_weighted_linear,0.84,0.2504365455790984,,0.6940218628791045,0.02309109890121014,1
blend,recency_weighted_linear,0.92,0.2504370018842588,,0.694022121128116,0.022373758745704075,1
blend,recency_weighted_linear,0.82,0.25044135969778425,,0.6940317759716964,0.0232704339400866,1
blend,recency_weighted_linear,0.94,0.2504420441555249,,0.6940321425293685,0.022194423706827504,1
blend,recency_weighted_linear,0.96,0.25044905770478143,,0.6940461400564624,0.022015088667951044,1
blend,recency_weighted_linear,0.98,0.25045804253202836,,0.6940641112535122,0.021835753629074584,1
blend,linear_recent_2y,0.87,0.25057973293690344,,0.6943086265627212,0.025837191625374623,1
blend,linear_recent_2y,0.83,0.25058033787777473,,0.6943103680561865,0.026057236632668956,1
blend,linear_recent_2y,0.89,0.25058232721513884,,0.694313631236026,0.025727169121727622,1
blend,linear_recent_2y,0.81,0.2505835370968814,,0.6943171232789604,0.026167259136315957,1
blend,linear_recent_2y,0.91,0.2505868526591549,,0.6943225476120669,0.02561714661808051,1
blend,linear_recent_2y,0.79,0.2505886674817687,,0.6943278083250578,0.02627728163996318,1
blend,linear_recent_2y,0.93,0.2505933092689516,,0.6943353723471618,0.0255071241144334,1
blend,linear_recent_2y,0.77,0.25059572903243676,,0.6943424289325631,0.02638730414361029,1
blend,linear_recent_2y,0.95,0.25060169704452906,,0.6943521025649905,0.025397101610786288,1
blend,prev_year_rate,0.82,0.25075611136884324,,0.6946633004472801,0.029262002098607687,1
blend,prev_year_rate,0.84,0.2507576696477571,,0.6946660558180974,0.029228802868475567,1
blend,prev_year_rate,0.78,0.2507587222917829,,0.6946694664414127,0.029328400558871814,1
blend,prev_year_rate,0.86,0.2507611370869268,,0.6946726973336016,0.029195603638343448,1
blend,prev_year_rate,0.76,0.2507628914936365,,0.6946783981309397,0.029361599789003934,1
blend,prev_year_rate,0.88,0.2507665136863523,,0.6946832209985543,0.02916240440821133,1
blend,prev_year_rate,0.74,0.2507689698557459,,0.6946912366241136,0.029394799019136053,1
blend,prev_year_rate,0.72,0.2507769573781112,,0.6947079882797135,0.02942799824926806,1
blend,exp_smoothing_0.65,0.78,0.25088710589784147,,0.6949273884616183,0.03144103505612078,1
blend,exp_smoothing_0.65,0.76,0.2508880083839728,,0.694929819690134,0.031420064170938844,1
blend,exp_smoothing_0.65,0.74,0.2508908187055382,,0.6949361594131334,0.031399093285756796,1
blend,exp_smoothing_0.65,0.82,0.25089102443188127,,0.6949342303926554,0.031482976826484765,1
blend,exp_smoothing_0.65,0.72,0.25089553686253774,,0.6949464134948277,0.03137812240057486,1
blend,exp_smoothing_0.65,0.84,0.2508958454520523,,0.6949434941701431,0.0315039477116667,1
blend,exp_smoothing_0.65,0.86,0.25090257430765744,,0.6949566476688065,0.03152491859684864,1
blend,exp_smoothing_0.65,0.88,0.25091121099869673,,0.6949736873432394,0.03154588948203069,1
raw_model,,,0.25421982525980963,0.0018424521865953373,0.7021694392021064,0.040644065901248805,3
