alpha,feature_set,train_start,train_end,cal_year,valid_year,stage,trend_prior,train_seconds,brier,logloss,auc,pred_mean,pred_std,actual_rate,baseline_brier,improvement_vs_catboost_baseline,experiment
20,combo_core,2019,2020,2021,2022,raw,0.5114727049981269,8.826958417892456,0.2512263356417243,0.6957856404505028,0.5197263926977913,0.5463312058012639,0.064351337942229,0.5289204435249241,0.2488975149153299,-0.0023288207263943,alpha_grid
20,combo_core,2019,2020,2021,2022,platt,0.5114727049981269,8.826958417892456,0.249422126397104,0.6920108426790041,0.5197263926977913,0.5379588317731364,0.0413632201072112,0.5289204435249241,0.2488975149153299,-0.0005246114817741,alpha_grid
20,combo_core,2019,2020,2021,2022,platt_plus_trend_w075,0.5114727049981269,8.826958417892456,0.2490042244520707,0.6911539194783302,0.5197263926977913,0.5180942366918793,0.0103408050268028,0.5289204435249241,0.2488975149153299,-0.0001067095367408,alpha_grid
20,combo_core,2019,2021,2022,2023,raw,0.5129662444084708,13.655205726623535,0.2547143294641239,0.7030644753533347,0.5109875549834433,0.5435839138831999,0.0628463883259639,0.4999572344975053,0.2501588034603313,-0.0045555260037926,alpha_grid
20,combo_core,2019,2021,2022,2023,platt,0.5129662444084708,13.655205726623535,0.2537961684359838,0.7010975062972779,0.5109875549834433,0.5342144788121622,0.0610209636894239,0.4999572344975053,0.2501588034603313,-0.0036373649756525,alpha_grid
20,combo_core,2019,2021,2022,2023,platt_plus_trend_w075,0.5129662444084708,13.655205726623535,0.2502931454649412,0.6937363632536359,0.5109875549834433,0.5182783030093937,0.0152552409223559,0.4999572344975053,0.2501588034603313,-0.0001343420046099,alpha_grid
20,combo_core,2019,2022,2023,2024,raw,0.4980616077305448,19.356561422348022,0.2558924935590607,0.7056388552893936,0.5074697111682285,0.5367513030758964,0.0644216221251826,0.4861049201797189,0.2498392201633735,-0.0060532733956871,alpha_grid
20,combo_core,2019,2022,2023,2024,platt,0.4980616077305448,19.356561422348022,0.2500825160178784,0.6933130968260515,0.5074697111682285,0.5007891098590193,0.0136239350742627,0.4861049201797189,0.2498392201633735,-0.0002432958545049,alpha_grid
20,combo_core,2019,2022,2023,2024,platt_plus_trend_w075,0.4980616077305448,19.356561422348022,0.2499468488159326,0.6930408753434383,0.5074697111682285,0.4987434832626635,0.0034059837685656,0.4861049201797189,0.2498392201633735,-0.000107628652559,alpha_grid
50,combo_core,2019,2020,2021,2022,raw,0.5114727049981269,10.121933221817017,0.2511940853904224,0.6956916041198573,0.5187178632231176,0.5429823766130396,0.0641908778300873,0.5289204435249241,0.2488975149153299,-0.0022965704750924,alpha_grid
50,combo_core,2019,2020,2021,2022,platt,0.5114727049981269,10.121933221817017,0.249507930153989,0.6921786155900358,0.5187178632231176,0.5379129433185664,0.0420622286274386,0.5289204435249241,0.2488975149153299,-0.000610415238659,alpha_grid
50,combo_core,2019,2020,2021,2022,platt_plus_trend_w075,0.5114727049981269,10.121933221817017,0.2490151966930977,0.691175641469451,0.5187178632231176,0.5180827645782368,0.0105155571568596,0.5289204435249241,0.2488975149153299,-0.0001176817777678,alpha_grid
50,combo_core,2019,2021,2022,2023,raw,0.5129662444084708,14.60192084312439,0.2548838263568803,0.7034168825594319,0.5100022483159022,0.542791184969302,0.0638077808687775,0.4999572344975053,0.2501588034603313,-0.004725022896549,alpha_grid
50,combo_core,2019,2021,2022,2023,platt,0.5129662444084708,14.60192084312439,0.254039020733145,0.7016078043615882,0.5100022483159022,0.5331226537863148,0.0627777044094422,0.4999572344975053,0.2501588034603313,-0.0038802172728137,alpha_grid
50,combo_core,2019,2021,2022,2023,platt_plus_trend_w075,0.5129662444084708,14.60192084312439,0.2503215568764065,0.6937933661397238,0.5100022483159022,0.5180053467529319,0.0156944261023605,0.4999572344975053,0.2501588034603313,-0.0001627534160752,alpha_grid
50,combo_core,2019,2022,2023,2024,raw,0.4980616077305448,18.600640773773197,0.255906202620329,0.7056877530362666,0.5074583770130815,0.5368186654308025,0.064102634018304,0.4861049201797189,0.2498392201633735,-0.0060669824569555,alpha_grid
50,combo_core,2019,2022,2023,2024,platt,0.4980616077305448,18.600640773773197,0.2500914174640469,0.6933309869752674,0.5074583770130815,0.5007549037756437,0.0136218722024555,0.4861049201797189,0.2498392201633735,-0.0002521973006734,alpha_grid
50,combo_core,2019,2022,2023,2024,platt_plus_trend_w075,0.4980616077305448,18.600640773773197,0.24994911948289,0.6930454176969029,0.5074583770130815,0.4987349317418195,0.0034054680506138,0.4861049201797189,0.2498392201633735,-0.0001098993195165,alpha_grid
100,combo_core,2019,2020,2021,2022,raw,0.5114727049981269,10.4754478931427,0.2513765936037924,0.6960937359497017,0.5175227414082445,0.5443536588248468,0.0639566372460245,0.5289204435249241,0.2488975149153299,-0.0024790786884624,alpha_grid
100,combo_core,2019,2020,2021,2022,platt,0.5114727049981269,10.4754478931427,0.2497230474215863,0.6926260447105312,0.5175227414082445,0.5394306901523882,0.0434909606100141,0.5289204435249241,0.2488975149153299,-0.0008255325062563,alpha_grid
100,combo_core,2019,2020,2021,2022,platt_plus_trend_w075,0.5114727049981269,10.4754478931427,0.2490305768895372,0.691206553461984,0.5175227414082445,0.5184622012866923,0.0108727401525035,0.5289204435249241,0.2488975149153299,-0.0001330619742073,alpha_grid
100,combo_core,2019,2021,2022,2023,raw,0.5129662444084708,14.252638578414915,0.2550464511156026,0.7037791991851836,0.5089675042701012,0.5445109084014216,0.0631531535345102,0.4999572344975053,0.2501588034603313,-0.0048876476552712,alpha_grid
100,combo_core,2019,2021,2022,2023,platt,0.5129662444084708,14.252638578414915,0.2542456617820161,0.7020669145627628,0.5089675042701012,0.5346064917886121,0.0629683734237091,0.4999572344975053,0.2501588034603313,-0.0040868583216847,alpha_grid
100,combo_core,2019,2021,2022,2023,platt_plus_trend_w075,0.5129662444084708,14.252638578414915,0.250357093010804,0.693864837305812,0.5089675042701012,0.5183763062535062,0.0157420933559272,0.4999572344975053,0.2501588034603313,-0.0001982895504727,alpha_grid
100,combo_core,2019,2022,2023,2024,raw,0.4980616077305448,19.03989624977112,0.2563580870507579,0.7065971271892447,0.5059172623283166,0.5397747668836548,0.0641026463784316,0.4861049201797189,0.2498392201633735,-0.0065188668873844,alpha_grid
100,combo_core,2019,2022,2023,2024,platt,0.4980616077305448,19.03989624977112,0.2501443044592914,0.6934368973496872,0.5059172623283166,0.501221279230583,0.0140521338299323,0.4861049201797189,0.2498392201633735,-0.0003050842959179,alpha_grid
100,combo_core,2019,2022,2023,2024,platt_plus_trend_w075,0.4980616077305448,19.03989624977112,0.2499595968423369,0.693066373262141,0.5059172623283166,0.4988515256055543,0.003513033457483,0.4861049201797189,0.2498392201633735,-0.0001203766789634,alpha_grid
300,combo_core,2019,2020,2021,2022,raw,0.5114727049981269,10.076871395111084,0.2515382591449672,0.6964278920228123,0.5187061596310996,0.5516805915872557,0.063257126628851,0.5289204435249241,0.2488975149153299,-0.0026407442296373,alpha_grid
300,combo_core,2019,2020,2021,2022,platt,0.5114727049981269,10.076871395111084,0.24959921546395,0.6923685555950112,0.5187061596310996,0.5427680880549538,0.0401005523818512,0.5289204435249241,0.2488975149153299,-0.00070170054862,alpha_grid
300,combo_core,2019,2020,2021,2022,platt_plus_trend_w075,0.5114727049981269,10.076871395111084,0.2490156796413778,0.6911767136220064,0.5187061596310996,0.5192965507623336,0.0100251380954628,0.5289204435249241,0.2488975149153299,-0.0001181647260478,alpha_grid
300,combo_core,2019,2021,2022,2023,raw,0.5129662444084708,14.395407915115356,0.2550218110055238,0.7037056493505717,0.509413863176233,0.5460866649669948,0.0619975097471324,0.4999572344975053,0.2501588034603313,-0.0048630075451924,alpha_grid
300,combo_core,2019,2021,2022,2023,platt,0.5129662444084708,14.395407915115356,0.2538810893295825,0.7012655845000229,0.509413863176233,0.5344221383104646,0.0600643056098047,0.4999572344975053,0.2501588034603313,-0.0037222858692511,alpha_grid
300,combo_core,2019,2021,2022,2023,platt_plus_trend_w075,0.5129662444084708,14.395407915115356,0.2503344324289668,0.6938191219788248,0.509413863176233,0.5183302178839693,0.0150160764024511,0.4999572344975053,0.2501588034603313,-0.0001756289686355,alpha_grid
300,combo_core,2019,2022,2023,2024,raw,0.4980616077305448,19.436661958694454,0.2564767094282113,0.7068434411546142,0.5043855661128879,0.5394454323709117,0.0647263287614912,0.4861049201797189,0.2498392201633735,-0.0066374892648378,alpha_grid
300,combo_core,2019,2022,2023,2024,platt,0.4980616077305448,19.436661958694454,0.2501622615248843,0.6934727772278857,0.5043855661128879,0.5013419376369961,0.0139873767004425,0.4861049201797189,0.2498392201633735,-0.0003230413615108,alpha_grid
300,combo_core,2019,2022,2023,2024,platt_plus_trend_w075,0.4980616077305448,19.436661958694454,0.2499642808683428,0.6930757414347903,0.5043855661128879,0.4988816902071576,0.0034968441751106,0.4861049201797189,0.2498392201633735,-0.0001250607049692,alpha_grid
1000,combo_core,2019,2020,2021,2022,raw,0.5114727049981269,10.104838609695436,0.2516357702252238,0.6966664429834958,0.5199579744623862,0.5539713299076877,0.0656067662771025,0.5289204435249241,0.2488975149153299,-0.0027382553098939,alpha_grid
1000,combo_core,2019,2020,2021,2022,platt,0.5114727049981269,10.104838609695436,0.2494245664388944,0.6920160581790015,0.5199579744623862,0.5438214437608989,0.0386222476578728,0.5289204435249241,0.2488975149153299,-0.0005270515235644,alpha_grid
1000,combo_core,2019,2020,2021,2022,platt_plus_trend_w075,0.5114727049981269,10.104838609695436,0.2489812679579229,0.6911078272894026,0.5199579744623862,0.5195598896888199,0.0096555619144682,0.5289204435249241,0.2488975149153299,-8.375304259303218e-05,alpha_grid
1000,combo_core,2019,2021,2022,2023,raw,0.5129662444084708,14.412256479263306,0.2547869317526076,0.7032339607561138,0.5098831294505581,0.5437908116653681,0.0621409748267328,0.4999572344975053,0.2501588034603313,-0.0046281282922762,alpha_grid
1000,combo_core,2019,2021,2022,2023,platt,0.5129662444084708,14.412256479263306,0.2537847737173281,0.7010810554603328,0.5098831294505581,0.5340947366283815,0.0597639299001361,0.4999572344975053,0.2501588034603313,-0.0036259702569967,alpha_grid
1000,combo_core,2019,2021,2022,2023,platt_plus_trend_w075,0.5129662444084708,14.412256479263306,0.250319716467952,0.6937897147342887,0.5098831294505581,0.5182483674634485,0.014940982475034,0.4999572344975053,0.2501588034603313,-0.0001609130076206,alpha_grid
1000,combo_core,2019,2022,2023,2024,raw,0.4980616077305448,19.09330153465271,0.2560680543377744,0.7060496588084673,0.5060333341891179,0.5358019248768813,0.0652231766500717,0.4861049201797189,0.2498392201633735,-0.0062288341744008,alpha_grid
1000,combo_core,2019,2022,2023,2024,platt,0.4980616077305448,19.09330153465271,0.2501048589734561,0.6933578210190647,0.5060333341891179,0.5004424585135573,0.0134455283669357,0.4861049201797189,0.2498392201633735,-0.0002656388100826,alpha_grid
1000,combo_core,2019,2022,2023,2024,platt_plus_trend_w075,0.4980616077305448,19.09330153465271,0.2499536720906866,0.6930545232440458,0.5060333341891179,0.4986568204262979,0.0033613820917339,0.4861049201797189,0.2498392201633735,-0.0001144519273131,alpha_grid
20,baseline,2019,2020,2021,2022,raw,0.5114727049981269,7.841671705245972,0.2490620908017605,0.6913031110776264,0.5324856858143385,0.5443147913690605,0.0569572053242537,0.5289204435249241,0.2488975149153299,-0.0001645758864306,ablation_alpha20
20,baseline,2019,2020,2021,2022,platt,0.5114727049981269,7.841671705245972,0.2482117455743012,0.6895538848731501,0.5324856858143385,0.5348896027577381,0.0286243990453851,0.5289204435249241,0.2488975149153299,0.0006857693410286,ablation_alpha20
20,baseline,2019,2020,2021,2022,platt_plus_trend_w075,0.5114727049981269,7.841671705245972,0.2488975149153299,0.6909404035192446,0.5324856858143385,0.5173269294380297,0.0071560997613462,0.5289204435249241,0.2488975149153299,0.0,ablation_alpha20
20,pitcher_abs,2019,2020,2021,2022,raw,0.5114727049981269,8.928366899490356,0.2490914843762177,0.6913579319869314,0.5313023246383807,0.5433657620862647,0.0564435285414525,0.5289204435249241,0.2488975149153299,-0.0001939694608878,ablation_alpha20
20,pitcher_abs,2019,2020,2021,2022,platt,0.5114727049981269,8.928366899490356,0.2482546620201076,0.6896400877194159,0.5313023246383807,0.5350336771685364,0.0289114238524129,0.5289204435249241,0.2488975149153299,0.0006428528952222,ablation_alpha20
20,pitcher_abs,2019,2020,2021,2022,platt_plus_trend_w075,0.5114727049981269,8.928366899490356,0.2489038785547698,0.6909531441241197,0.5313023246383807,0.5173629480407294,0.0072278559631032,0.5289204435249241,0.2488975149153299,-6.36363943995466e-06,ablation_alpha20
20,pitcher_rel,2019,2020,2021,2022,raw,0.5114727049981269,9.37475037574768,0.2491930027416204,0.691568727239231,0.5308091281295577,0.543023481125492,0.0566985809852994,0.5289204435249241,0.2488975149153299,-0.0002954878262905,ablation_alpha20
20,pitcher_rel,2019,2020,2021,2022,platt,0.5114727049981269,9.37475037574768,0.2483073267192536,0.6897473199214489,0.5308091281295577,0.5350944757896113,0.0284053935178042,0.5289204435249241,0.2488975149153299,0.0005901881960762,ablation_alpha20
20,pitcher_rel,2019,2020,2021,2022,platt_plus_trend_w075,0.5114727049981269,9.37475037574768,0.2489219451175368,0.6909893628919699,0.5308091281295577,0.517378147695998,0.007101348379451,0.5289204435249241,0.2488975149153299,-2.443020220688208e-05,ablation_alpha20
20,pitcher_count,2019,2020,2021,2022,raw,0.5114727049981269,9.586414575576782,0.2509839962782178,0.6952831505613993,0.5222553616353225,0.5489433456309679,0.0637675022778046,0.5289204435249241,0.2488975149153299,-0.0020864813628879,ablation_alpha20
20,pitcher_count,2019,2020,2021,2022,platt,0.5114727049981269,9.586414575576782,0.2493217986176386,0.6918072884909302,0.5222553616353225,0.5394248875855793,0.0427360258359313,0.5289204435249241,0.2488975149153299,-0.0004242837023087,ablation_alpha20
20,pitcher_count,2019,2020,2021,2022,platt_plus_trend_w075,0.5114727049981269,9.586414575576782,0.2489425309709908,0.6910301987591091,0.5222553616353225,0.51846075064499,0.0106840064589828,0.5289204435249241,0.2488975149153299,-4.50160556609569e-05,ablation_alpha20
20,pitcher_batter_hand,2019,2020,2021,2022,raw,0.5114727049981269,9.479581594467165,0.2489762982873752,0.691120527348517,0.53343410584828,0.5456109485296431,0.0560199554407854,0.5289204435249241,0.2488975149153299,-7.878337204533792e-05,ablation_alpha20
20,pitcher_batter_hand,2019,2020,2021,2022,platt,0.5114727049981269,9.479581594467165,0.2481729695656192,0.6894745367361518,0.53343410584828,0.5355790921753508,0.0295835449501244,0.5289204435249241,0.2488975149153299,0.0007245453497106,ablation_alpha20
20,pitcher_batter_hand,2019,2020,2021,2022,platt_plus_trend_w075,0.5114727049981269,9.479581594467165,0.2488712090294417,0.690887672027611,0.53343410584828,0.517499301792433,0.0073958862375311,0.5289204435249241,0.2488975149153299,2.6305885888144864e-05,ablation_alpha20
20,batter_env,2019,2020,2021,2022,raw,0.5114727049981269,9.43334698677063,0.2487372795377291,0.6906330708557075,0.5366135268173935,0.5447588855541774,0.0567464749602975,0.5289204435249241,0.2488975149153299,0.0001602353776007,ablation_alpha20
20,batter_env,2019,2020,2021,2022,platt,0.5114727049981269,9.43334698677063,0.2480334575586583,0.689191009836842,0.5366135268173935,0.5360899117217616,0.0321604384888175,0.5289204435249241,0.2488975149153299,0.0008640573566715,ablation_alpha20
20,batter_env,2019,2020,2021,2022,platt_plus_trend_w075,0.5114727049981269,9.43334698677063,0.2488018316584304,0.6907485768002338,0.5366135268173935,0.5176270066790356,0.0080401096222043,0.5289204435249241,0.2488975149153299,9.568325689951472e-05,ablation_alpha20
20,combo_core,2019,2020,2021,2022,raw,0.5114727049981269,10.389498472213743,0.2512263356417243,0.6957856404505028,0.5197263926977913,0.5463312058012639,0.064351337942229,0.5289204435249241,0.2488975149153299,-0.0023288207263943,ablation_alpha20
20,combo_core,2019,2020,2021,2022,platt,0.5114727049981269,10.389498472213743,0.249422126397104,0.6920108426790041,0.5197263926977913,0.5379588317731364,0.0413632201072112,0.5289204435249241,0.2488975149153299,-0.0005246114817741,ablation_alpha20
20,combo_core,2019,2020,2021,2022,platt_plus_trend_w075,0.5114727049981269,10.389498472213743,0.2490042244520707,0.6911539194783302,0.5197263926977913,0.5180942366918793,0.0103408050268028,0.5289204435249241,0.2488975149153299,-0.0001067095367408,ablation_alpha20
20,combo_with_pitcher_batter,2019,2020,2021,2022,raw,0.5114727049981269,9.864014387130736,0.2510868789439933,0.6954868360499862,0.5208950722764157,0.5457163475517497,0.0640005665445195,0.5289204435249241,0.2488975149153299,-0.0021893640286634,ablation_alpha20
20,combo_with_pitcher_batter,2019,2020,2021,2022,platt,0.5114727049981269,9.864014387130736,0.2493860856433554,0.69193451914691,0.5208950722764157,0.5381949090025187,0.0417462814886625,0.5289204435249241,0.2488975149153299,-0.0004885707280254,ablation_alpha20
20,combo_with_pitcher_batter,2019,2020,2021,2022,platt_plus_trend_w075,0.5114727049981269,9.864014387130736,0.2489868897669204,0.6911190195259228,0.5208950722764157,0.5181532559992249,0.0104365703721656,0.5289204435249241,0.2488975149153299,-8.93748515905235e-05,ablation_alpha20
20,baseline,2019,2021,2022,2023,raw,0.5129662444084708,12.50211262702942,0.2540765927559245,0.7018125133287548,0.5154708686332126,0.5419201905674266,0.0621068049028453,0.4999572344975053,0.2501588034603313,-0.0039177892955931,ablation_alpha20
20,baseline,2019,2021,2022,2023,platt,0.5129662444084708,12.50211262702942,0.2526763840631894,0.6987763406570034,0.5154708686332126,0.5311629375524517,0.0553838486776047,0.4999572344975053,0.2501588034603313,-0.002517580602858,ablation_alpha20
20,baseline,2019,2021,2022,2023,platt_plus_trend_w075,0.5129662444084708,12.50211262702942,0.2501588034603313,0.6934669240938918,0.5154708686332126,0.5175154176944661,0.0138459621694011,0.4999572344975053,0.2501588034603313,0.0,ablation_alpha20
20,pitcher_abs,2019,2021,2022,2023,raw,0.5129662444084708,13.16830563545227,0.2540892212941865,0.7018364803087976,0.5148421105331777,0.5421394232173055,0.0614926855199173,0.4999572344975053,0.2501588034603313,-0.0039304178338551,ablation_alpha20
20,pitcher_abs,2019,2021,2022,2023,platt,0.5129662444084708,13.16830563545227,0.2527338153998827,0.6988994531857499,0.5148421105331777,0.5312094423202093,0.0554464904572463,0.4999572344975053,0.2501588034603313,-0.0025750119395513,ablation_alpha20
20,pitcher_abs,2019,2021,2022,2023,platt_plus_trend_w075,0.5129662444084708,13.16830563545227,0.2501715418123137,0.6934924908155669,0.5148421105331777,0.5175270438864055,0.0138616226143115,0.4999572344975053,0.2501588034603313,-1.2738351982344298e-05,ablation_alpha20
20,pitcher_rel,2019,2021,2022,2023,raw,0.5129662444084708,13.22330379486084,0.2539167843421191,0.701483357923118,0.5159537730555332,0.5404042545567105,0.0622854832233166,0.4999572344975053,0.2501588034603313,-0.0037579808817877,ablation_alpha20
20,pitcher_rel,2019,2021,2022,2023,platt,0.5129662444084708,13.22330379486084,0.2525992357804772,0.6986189222831739,0.5159537730555332,0.5308484441282921,0.0552590485905229,0.4999572344975053,0.2501588034603313,-0.0024404323201459,ablation_alpha20
20,pitcher_rel,2019,2021,2022,2023,platt_plus_trend_w075,0.5129662444084708,13.22330379486084,0.2501442329179854,0.6934377277549187,0.5159537730555332,0.5174367943384262,0.0138147621476307,0.4999572344975053,0.2501588034603313,1.4570542345992976e-05,ablation_alpha20
20,pitcher_count,2019,2021,2022,2023,raw,0.5129662444084708,13.588340759277344,0.254810930758636,0.7032753416795843,0.5112125647347533,0.5436720298904458,0.0636607630084148,0.4999572344975053,0.2501588034603313,-0.0046521272983046,ablation_alpha20
20,pitcher_count,2019,2021,2022,2023,platt,0.5129662444084708,13.588340759277344,0.2539101170426435,0.7013452590616833,0.5112125647347533,0.5339464825824202,0.0622700524055338,0.4999572344975053,0.2501588034603313,-0.0037513135823121,ablation_alpha20
20,pitcher_count,2019,2021,2022,2023,platt_plus_trend_w075,0.5129662444084708,13.588340759277344,0.250294879301813,0.6937399870200267,0.5112125647347533,0.5182113039519581,0.0155675131013834,0.4999572344975053,0.2501588034603313,-0.0001360758414816,ablation_alpha20
20,pitcher_batter_hand,2019,2021,2022,2023,raw,0.5129662444084708,13.641820192337036,0.2540785370613936,0.7017949674233003,0.5148133773307328,0.5421439959594051,0.0614336853681423,0.4999572344975053,0.2501588034603313,-0.0039197336010622,ablation_alpha20
20,pitcher_batter_hand,2019,2021,2022,2023,platt,0.5129662444084708,13.641820192337036,0.2526834674171924,0.6987783451484958,0.5148133773307328,0.5313537045597739,0.054819058522718,0.4999572344975053,0.2501588034603313,-0.002524663956861,ablation_alpha20
20,pitcher_batter_hand,2019,2021,2022,2023,platt_plus_trend_w075,0.5129662444084708,13.641820192337036,0.2501709360115047,0.6934911274550173,0.5148133773307328,0.5175631094462966,0.0137047646306795,0.4999572344975053,0.2501588034603313,-1.2132551173382744e-05,ablation_alpha20
20,batter_env,2019,2021,2022,2023,raw,0.5129662444084708,13.543367624282835,0.2541774114455943,0.7020118665376927,0.5141156265999596,0.5419691176986005,0.0619224454300216,0.4999572344975053,0.2501588034603313,-0.0040186079852629,ablation_alpha20
20,batter_env,2019,2021,2022,2023,platt,0.5129662444084708,13.543367624282835,0.2527750242165164,0.6989743101009058,0.5141156265999596,0.5309632848114878,0.0554866984649148,0.4999572344975053,0.2501588034603313,-0.002616220756185,ablation_alpha20
20,batter_env,2019,2021,2022,2023,platt_plus_trend_w075,0.5129662444084708,13.543367624282835,0.2501826803422723,0.6935147284369563,0.5141156265999596,0.517465504509225,0.0138716746162287,0.4999572344975053,0.2501588034603313,-2.3876881940998466e-05,ablation_alpha20
20,combo_core,2019,2021,2022,2023,raw,0.5129662444084708,14.632299184799194,0.2547143294641239,0.7030644753533347,0.5109875549834433,0.5435839138831999,0.0628463883259639,0.4999572344975053,0.2501588034603313,-0.0045555260037925,ablation_alpha20
20,combo_core,2019,2021,2022,2023,platt,0.5129662444084708,14.632299184799194,0.2537961684359838,0.7010975062972779,0.5109875549834433,0.5342144788121622,0.0610209636894239,0.4999572344975053,0.2501588034603313,-0.0036373649756524,ablation_alpha20
20,combo_core,2019,2021,2022,2023,platt_plus_trend_w075,0.5129662444084708,14.632299184799194,0.2502931454649412,0.6937363632536359,0.5109875549834433,0.5182783030093937,0.0152552409223559,0.4999572344975053,0.2501588034603313,-0.0001343420046098,ablation_alpha20
20,combo_with_pitcher_batter,2019,2021,2022,2023,raw,0.5129662444084708,13.983022928237917,0.254745264853876,0.7031478365078357,0.510703327872059,0.5414763179615663,0.0642753636426234,0.4999572344975053,0.2501588034603313,-0.0045864613935446,ablation_alpha20
20,combo_with_pitcher_batter,2019,2021,2022,2023,platt,0.5129662444084708,13.983022928237917,0.2538056292012533,0.7011242743665899,0.510703327872059,0.5321536218962704,0.061911826284367,0.4999572344975053,0.2501588034603313,-0.0036468257409219,ablation_alpha20
20,combo_with_pitcher_batter,2019,2021,2022,2023,platt_plus_trend_w075,0.5129662444084708,13.983022928237917,0.2502906011161589,0.6937313720909829,0.510703327872059,0.5177630887804208,0.0154779565710917,0.4999572344975053,0.2501588034603313,-0.0001317976558275,ablation_alpha20
20,baseline,2019,2022,2023,2024,raw,0.4980616077305448,16.489432334899902,0.2555164325408653,0.7049407319137688,0.5106875170195614,0.5332785480993348,0.0656810321975094,0.4861049201797189,0.2499335526157567,-0.0055828799251085,ablation_alpha20
20,baseline,2019,2022,2023,2024,platt,0.4980616077305448,16.489432334899902,0.2500138247696704,0.6931755822046753,0.5106875170195614,0.49999525244929,0.0129860166922077,0.4861049201797189,0.2499335526157567,-8.027215391359643e-05,ablation_alpha20
20,baseline,2019,2022,2023,2024,platt_plus_trend_w075,0.4980616077305448,16.489432334899902,0.2499335526157567,0.6930142822922214,0.5106875170195614,0.4985450189102312,0.0032465041730519,0.4861049201797189,0.2499335526157567,0.0,ablation_alpha20
20,pitcher_abs,2019,2022,2023,2024,raw,0.4980616077305448,17.01375436782837,0.2555337228565037,0.7049645968249942,0.5113674608409309,0.535034020266204,0.0650803810947949,0.4861049201797189,0.2499335526157567,-0.0056001702407469,ablation_alpha20
20,pitcher_abs,2019,2022,2023,2024,platt,0.4980616077305448,17.01375436782837,0.2499957458994025,0.6931393512128217,0.5113674608409309,0.5000383042633957,0.0127078789207144,0.4861049201797189,0.2499335526157567,-6.219328364576171e-05,ablation_alpha20
20,pitcher_abs,2019,2022,2023,2024,platt_plus_trend_w075,0.4980616077305448,17.01375436782837,0.2499303412911114,0.6930078596031392,0.5113674608409309,0.4985557818637575,0.0031769697301786,0.4861049201797189,0.2499335526157567,3.2113246453413517e-06,ablation_alpha20
20,pitcher_rel,2019,2022,2023,2024,raw,0.4980616077305448,17.02803087234497,0.2555227826524426,0.704958953709084,0.5113193272299846,0.5341319372036163,0.0655396959700819,0.4861049201797189,0.2499335526157567,-0.0055892300366858,ablation_alpha20
20,pitcher_rel,2019,2022,2023,2024,platt,0.4980616077305448,17.02803087234497,0.2500018629578077,0.6931516375601552,0.5113193272299846,0.5000054305906136,0.0128833467613362,0.4861049201797189,0.2499335526157567,-6.831034205095898e-05,ablation_alpha20
20,pitcher_rel,2019,2022,2023,2024,platt_plus_trend_w075,0.4980616077305448,17.02803087234497,0.2499310527641057,0.6930092825137476,0.5113193272299846,0.498547563445562,0.003220836690334,0.4861049201797189,0.2499335526157567,2.4998516510443825e-06,ablation_alpha20
20,pitcher_count,2019,2022,2023,2024,raw,0.4980616077305448,17.81432604789734,0.256035841356138,0.7059190076039431,0.5074215273518565,0.5374872851072496,0.0648499072951813,0.4861049201797189,0.2499335526157567,-0.0061022887403812,ablation_alpha20
20,pitcher_count,2019,2022,2023,2024,platt,0.4980616077305448,17.81432604789734,0.2501043065890753,0.6933568237098344,0.5074215273518565,0.5009811118375356,0.0143028070549555,0.4861049201797189,0.2499335526157567,-0.0001707539733185,ablation_alpha20
20,pitcher_count,2019,2022,2023,2024,platt_plus_trend_w075,0.4980616077305448,17.81432604789734,0.249948538411398,0.6930442547674955,0.5074215273518565,0.4987914837572925,0.0035757017637388,0.4861049201797189,0.2499335526157567,-1.4985795641242472e-05,ablation_alpha20
20,pitcher_batter_hand,2019,2022,2023,2024,raw,0.4980616077305448,18.144760608673096,0.2555360588881352,0.7049940115021055,0.5112309444089128,0.5341437424989922,0.0654897159541687,0.4861049201797189,0.2499335526157567,-0.0056025062723784,ablation_alpha20
20,pitcher_batter_hand,2019,2022,2023,2024,platt,0.4980616077305448,18.144760608673096,0.2500063793332495,0.6931606882663479,0.5112309444089128,0.5000861656565778,0.0127815850854063,0.4861049201797189,0.2499335526157567,-7.28267174927022e-05,ablation_alpha20
20,pitcher_batter_hand,2019,2022,2023,2024,platt_plus_trend_w075,0.4980616077305448,18.144760608673096,0.2499326114802773,0.6930124005874548,0.5112309444089128,0.4985677472120531,0.0031953962713515,0.4861049201797189,0.2499335526157567,9.411354794930382e-07,ablation_alpha20
20,batter_env,2019,2022,2023,2024,raw,0.4980616077305448,17.864351749420166,0.2555412880443211,0.704981869844329,0.5104081539739083,0.5340590318071113,0.0654587936789282,0.4861049201797189,0.2499335526157567,-0.0056077354285642,ablation_alpha20
20,batter_env,2019,2022,2023,2024,platt,0.4980616077305448,17.864351749420166,0.2500084026071248,0.6931647039954364,0.5104081539739083,0.5000021978711888,0.0129127650420382,0.4861049201797189,0.2499335526157567,-7.484999136808668e-05,ablation_alpha20
20,batter_env,2019,2022,2023,2024,platt_plus_trend_w075,0.4980616077305448,17.864351749420166,0.2499325477414274,0.693012272350725,0.5104081539739083,0.4985467552657058,0.0032281912605095,0.4861049201797189,0.2499335526157567,1.004874329385563e-06,ablation_alpha20
20,combo_core,2019,2022,2023,2024,raw,0.4980616077305448,19.442078351974487,0.2558924935590607,0.7056388552893936,0.5074697111682285,0.5367513030758964,0.0644216221251826,0.4861049201797189,0.2499335526157567,-0.0059589409433039,ablation_alpha20
20,combo_core,2019,2022,2023,2024,platt,0.4980616077305448,19.442078351974487,0.2500825160178784,0.6933130968260515,0.5074697111682285,0.5007891098590193,0.0136239350742627,0.4861049201797189,0.2499335526157567,-0.0001489634021216,ablation_alpha20
20,combo_core,2019,2022,2023,2024,platt_plus_trend_w075,0.4980616077305448,19.442078351974487,0.2499468488159326,0.6930408753434383,0.5074697111682285,0.4987434832626635,0.0034059837685656,0.4861049201797189,0.2499335526157567,-1.3296200175816342e-05,ablation_alpha20
20,combo_with_pitcher_batter,2019,2022,2023,2024,raw,0.4980616077305448,18.394935846328732,0.2562902131891216,0.7064709098057343,0.5073235909864292,0.5396437108631551,0.0650038725995166,0.4861049201797189,0.2499335526157567,-0.0063566605733648,ablation_alpha20
20,combo_with_pitcher_batter,2019,2022,2023,2024,platt,0.4980616077305448,18.394935846328732,0.2500915490118247,0.6933311485379481,0.5073235909864292,0.5008761257253663,0.0136581449332199,0.4861049201797189,0.2499335526157567,-0.0001579963960678,ablation_alpha20
20,combo_with_pitcher_batter,2019,2022,2023,2024,platt_plus_trend_w075,0.4980616077305448,18.394935846328732,0.2499488416469582,0.6930448609442383,0.5073235909864292,0.4987652372292502,0.0034145362333049,0.4861049201797189,0.2499335526157567,-1.5289031201459746e-05,ablation_alpha20
20,batter_env,2019,2020,2021,2022,raw,0.5114727049981269,8.21007227897644,0.2487372795377291,0.6906330708557075,0.5366135268173935,0.5447588855541774,0.0567464749602975,0.5289204435249241,0.2488975149153299,0.0001602353776007,top_groups_alpha_grid
20,batter_env,2019,2020,2021,2022,platt,0.5114727049981269,8.21007227897644,0.2480334575586583,0.689191009836842,0.5366135268173935,0.5360899117217616,0.0321604384888175,0.5289204435249241,0.2488975149153299,0.0008640573566715,top_groups_alpha_grid
20,batter_env,2019,2020,2021,2022,platt_plus_trend_w075,0.5114727049981269,8.21007227897644,0.2488018316584304,0.6907485768002338,0.5366135268173935,0.5176270066790356,0.0080401096222043,0.5289204435249241,0.2488975149153299,9.568325689951472e-05,top_groups_alpha_grid
20,pitcher_batter_hand,2019,2020,2021,2022,raw,0.5114727049981269,9.116050481796265,0.2489762982873752,0.691120527348517,0.53343410584828,0.5456109485296431,0.0560199554407854,0.5289204435249241,0.2488975149153299,-7.878337204533792e-05,top_groups_alpha_grid
20,pitcher_batter_hand,2019,2020,2021,2022,platt,0.5114727049981269,9.116050481796265,0.2481729695656192,0.6894745367361518,0.53343410584828,0.5355790921753508,0.0295835449501244,0.5289204435249241,0.2488975149153299,0.0007245453497106,top_groups_alpha_grid
20,pitcher_batter_hand,2019,2020,2021,2022,platt_plus_trend_w075,0.5114727049981269,9.116050481796265,0.2488712090294417,0.690887672027611,0.53343410584828,0.517499301792433,0.0073958862375311,0.5289204435249241,0.2488975149153299,2.6305885888144864e-05,top_groups_alpha_grid
20,batter_env,2019,2021,2022,2023,raw,0.5129662444084708,13.098836183547974,0.2541774114455943,0.7020118665376927,0.5141156265999596,0.5419691176986005,0.0619224454300216,0.4999572344975053,0.2501588034603313,-0.0040186079852629,top_groups_alpha_grid
20,batter_env,2019,2021,2022,2023,platt,0.5129662444084708,13.098836183547974,0.2527750242165164,0.6989743101009058,0.5141156265999596,0.5309632848114878,0.0554866984649148,0.4999572344975053,0.2501588034603313,-0.0026162207561851,top_groups_alpha_grid
20,batter_env,2019,2021,2022,2023,platt_plus_trend_w075,0.5129662444084708,13.098836183547974,0.2501826803422723,0.6935147284369563,0.5141156265999596,0.517465504509225,0.0138716746162287,0.4999572344975053,0.2501588034603313,-2.3876881941053973e-05,top_groups_alpha_grid
20,pitcher_batter_hand,2019,2021,2022,2023,raw,0.5129662444084708,13.030700922012327,0.2540785370613936,0.7017949674233003,0.5148133773307328,0.5421439959594051,0.0614336853681423,0.4999572344975053,0.2501588034603313,-0.0039197336010622,top_groups_alpha_grid
20,pitcher_batter_hand,2019,2021,2022,2023,platt,0.5129662444084708,13.030700922012327,0.2526834674171924,0.6987783451484958,0.5148133773307328,0.5313537045597739,0.054819058522718,0.4999572344975053,0.2501588034603313,-0.0025246639568611,top_groups_alpha_grid
20,pitcher_batter_hand,2019,2021,2022,2023,platt_plus_trend_w075,0.5129662444084708,13.030700922012327,0.2501709360115047,0.6934911274550173,0.5148133773307328,0.5175631094462966,0.0137047646306795,0.4999572344975053,0.2501588034603313,-1.2132551173438255e-05,top_groups_alpha_grid
20,batter_env,2019,2022,2023,2024,raw,0.4980616077305448,17.88027572631836,0.2555412880443211,0.704981869844329,0.5104081539739083,0.5340590318071113,0.0654587936789282,0.4861049201797189,0.2498392201633735,-0.0057020678809475,top_groups_alpha_grid
20,batter_env,2019,2022,2023,2024,platt,0.4980616077305448,17.88027572631836,0.2500084026071248,0.6931647039954364,0.5104081539739083,0.5000021978711888,0.0129127650420382,0.4861049201797189,0.2498392201633735,-0.0001691824437513,top_groups_alpha_grid
20,batter_env,2019,2022,2023,2024,platt_plus_trend_w075,0.4980616077305448,17.88027572631836,0.2499325477414274,0.693012272350725,0.5104081539739083,0.4985467552657058,0.0032281912605095,0.4861049201797189,0.2498392201633735,-9.33275780538867e-05,top_groups_alpha_grid
20,pitcher_batter_hand,2019,2022,2023,2024,raw,0.4980616077305448,17.488237619400024,0.2555360588881352,0.7049940115021055,0.5112309444089128,0.5341437424989922,0.0654897159541687,0.4861049201797189,0.2498392201633735,-0.0056968387247616,top_groups_alpha_grid
20,pitcher_batter_hand,2019,2022,2023,2024,platt,0.4980616077305448,17.488237619400024,0.2500063793332495,0.6931606882663479,0.5112309444089128,0.5000861656565778,0.0127815850854063,0.4861049201797189,0.2498392201633735,-0.0001671591698759,top_groups_alpha_grid
20,pitcher_batter_hand,2019,2022,2023,2024,platt_plus_trend_w075,0.4980616077305448,17.488237619400024,0.2499326114802773,0.6930124005874548,0.5112309444089128,0.4985677472120531,0.0031953962713515,0.4861049201797189,0.2498392201633735,-9.339131690377922e-05,top_groups_alpha_grid
50,batter_env,2019,2020,2021,2022,raw,0.5114727049981269,9.13593053817749,0.2489139652088408,0.6909973779965921,0.5341982472016503,0.5448646079049704,0.0559815096216784,0.5289204435249241,0.2488975149153299,-1.6450293510938963e-05,top_groups_alpha_grid
50,batter_env,2019,2020,2021,2022,platt,0.5114727049981269,9.13593053817749,0.2481456795441072,0.6894198572227396,0.5341982472016503,0.5354323931927175,0.0313664403995683,0.5289204435249241,0.2488975149153299,0.0007518353712226,top_groups_alpha_grid
50,batter_env,2019,2020,2021,2022,platt_plus_trend_w075,0.5114727049981269,9.13593053817749,0.2488453334852198,0.6908358226236309,0.5341982472016503,0.5174626270467746,0.007841610099892,0.5289204435249241,0.2488975149153299,5.2181430110070925e-05,top_groups_alpha_grid
50,pitcher_batter_hand,2019,2020,2021,2022,raw,0.5114727049981269,9.360895872116089,0.2492608237166458,0.6917088264683847,0.5299906099752081,0.5427143705777402,0.0570945295893087,0.5289204435249241,0.2488975149153299,-0.0003633088013158,top_groups_alpha_grid
50,pitcher_batter_hand,2019,2020,2021,2022,platt,0.5114727049981269,9.360895872116089,0.2483385887918948,0.6898100411452224,0.5299906099752081,0.535481262155681,0.0290737336243127,0.5289204435249241,0.2488975149153299,0.0005589261234351,top_groups_alpha_grid
50,pitcher_batter_hand,2019,2020,2021,2022,platt_plus_trend_w075,0.5114727049981269,9.360895872116089,0.2489191034418061,0.6909836307588995,0.5299906099752081,0.5174748442875154,0.0072684334060781,0.5289204435249241,0.2488975149153299,-2.1588526476240544e-05,top_groups_alpha_grid
50,batter_env,2019,2021,2022,2023,raw,0.5129662444084708,12.991398096084597,0.2539646186911304,0.7015536522053876,0.5151425899166262,0.5413071980075094,0.0616214624805932,0.4999572344975053,0.2501588034603313,-0.003805815230799,top_groups_alpha_grid
50,batter_env,2019,2021,2022,2023,platt,0.5129662444084708,12.991398096084597,0.2526104502381557,0.6986254495318419,0.5151425899166262,0.5309656526442127,0.0549041593900652,0.4999572344975053,0.2501588034603313,-0.0024516467778244,top_groups_alpha_grid
50,batter_env,2019,2021,2022,2023,platt_plus_trend_w075,0.5129662444084708,12.991398096084597,0.2501535784266767,0.6934563079588812,0.5151425899166262,0.5174660964674063,0.0137260398475163,0.4999572344975053,0.2501588034603313,5.225033654576716e-06,top_groups_alpha_grid
50,pitcher_batter_hand,2019,2021,2022,2023,raw,0.5129662444084708,13.195027589797974,0.2542793106729849,0.7022179462610268,0.5140446135827221,0.5433658434721313,0.0617501330286693,0.4999572344975053,0.2501588034603313,-0.0041205072126536,top_groups_alpha_grid
50,pitcher_batter_hand,2019,2021,2022,2023,platt,0.5129662444084708,13.195027589797974,0.2528394073882885,0.6991049966376349,0.5140446135827221,0.5320223773389107,0.0554546111933452,0.4999572344975053,0.2501588034603313,-0.0026806039279571,top_groups_alpha_grid
50,pitcher_batter_hand,2019,2021,2022,2023,platt_plus_trend_w075,0.5129662444084708,13.195027589797974,0.250192085584891,0.6935336297200769,0.5140446135827221,0.5177302776410808,0.0138636527983363,0.4999572344975053,0.2501588034603313,-3.328212455966373e-05,top_groups_alpha_grid
50,batter_env,2019,2022,2023,2024,raw,0.4980616077305448,17.734281539916992,0.2553823418070635,0.7046513458596476,0.5113773564798245,0.5337605025388202,0.0648498649481801,0.4861049201797189,0.2498392201633735,-0.0055431216436899,top_groups_alpha_grid
50,batter_env,2019,2022,2023,2024,platt,0.4980616077305448,17.734281539916992,0.2499957655878009,0.6931394223168198,0.5113773564798245,0.5000230135420353,0.0127643509057482,0.4861049201797189,0.2498392201633735,-0.0001565454244273,top_groups_alpha_grid
50,batter_env,2019,2022,2023,2024,platt_plus_trend_w075,0.4980616077305448,17.734281539916992,0.2499300877911568,0.6930073527181444,0.5113773564798245,0.4985519591834175,0.003191087726437,0.4861049201797189,0.2498392201633735,-9.08676277833198e-05,top_groups_alpha_grid
50,pitcher_batter_hand,2019,2022,2023,2024,raw,0.4980616077305448,17.522784948349,0.2558365535203292,0.7055974327073464,0.5105687235388302,0.5365050377566114,0.0659640975422649,0.4861049201797189,0.2498392201633735,-0.0059973333569557,top_groups_alpha_grid
50,pitcher_batter_hand,2019,2022,2023,2024,platt,0.4980616077305448,17.522784948349,0.2500143631174463,0.6931765989284759,0.5105687235388302,0.5002855140378436,0.0128129161115644,0.4861049201797189,0.2498392201633735,-0.0001751429540728,top_groups_alpha_grid
50,pitcher_batter_hand,2019,2022,2023,2024,platt_plus_trend_w075,0.4980616077305448,17.522784948349,0.2499342982713663,0.6930157734546415,0.5105687235388302,0.4986175843073695,0.0032032290278911,0.4861049201797189,0.2498392201633735,-9.507810799283534e-05,top_groups_alpha_grid
100,batter_env,2019,2020,2021,2022,raw,0.5114727049981269,9.263319969177246,0.2488479173416132,0.6908578744681937,0.5355273020572741,0.5464761216531793,0.0563556950905758,0.5289204435249241,0.2488975149153299,4.95975737166976e-05,top_groups_alpha_grid
100,batter_env,2019,2020,2021,2022,platt,0.5114727049981269,9.263319969177246,0.2480765547875766,0.6892787803027226,0.5355273020572741,0.5360055190143982,0.0311297910465623,0.5289204435249241,0.2488975149153299,0.0008209601277533,top_groups_alpha_grid
100,batter_env,2019,2020,2021,2022,platt_plus_trend_w075,0.5114727049981269,9.263319969177246,0.248825614306255,0.6907962751500873,0.5355273020572741,0.5176059085021947,0.0077824477616405,0.5289204435249241,0.2488975149153299,7.190060907483198e-05,top_groups_alpha_grid
100,pitcher_batter_hand,2019,2020,2021,2022,raw,0.5114727049981269,9.436646223068236,0.2488052827390202,0.6907730070655371,0.5357587182187566,0.5452766900711155,0.056418137792864,0.5289204435249241,0.2488975149153299,9.22321763096312e-05,top_groups_alpha_grid
100,pitcher_batter_hand,2019,2020,2021,2022,platt,0.5114727049981269,9.436646223068236,0.2480683525329585,0.6892631248233186,0.5357587182187566,0.5356234630028637,0.031337529610274,0.5289204435249241,0.2488975149153299,0.0008291623823713,top_groups_alpha_grid
100,pitcher_batter_hand,2019,2020,2021,2022,platt_plus_trend_w075,0.5114727049981269,9.436646223068236,0.2488246180513283,0.6907943177047372,0.5357587182187566,0.5175103944993111,0.0078343824025685,0.5289204435249241,0.2488975149153299,7.289686400152595e-05,top_groups_alpha_grid
100,batter_env,2019,2021,2022,2023,raw,0.5129662444084708,13.179232597351074,0.2539253028857644,0.7014769292585455,0.515601250862159,0.5416134700494383,0.061436857203257,0.4999572344975053,0.2501588034603313,-0.0037664994254331,top_groups_alpha_grid
100,batter_env,2019,2021,2022,2023,platt,0.5129662444084708,13.179232597351074,0.2526206930768515,0.6986550436043778,0.515601250862159,0.5313731316463844,0.0552242793119259,0.4999572344975053,0.2501588034603313,-0.0024618896165201,top_groups_alpha_grid
100,batter_env,2019,2021,2022,2023,platt_plus_trend_w075,0.5129662444084708,13.179232597351074,0.2501467474285736,0.6934426014055965,0.515601250862159,0.5175679662179492,0.0138060698279814,0.4999572344975053,0.2501588034603313,1.20560317576901e-05,top_groups_alpha_grid
100,pitcher_batter_hand,2019,2021,2022,2023,raw,0.5129662444084708,13.875736474990845,0.2540353580781347,0.7017041659677962,0.5143927172153413,0.541378291045805,0.0612122351312167,0.4999572344975053,0.2501588034603313,-0.0038765546178034,top_groups_alpha_grid
100,pitcher_batter_hand,2019,2021,2022,2023,platt,0.5129662444084708,13.875736474990845,0.2527719862536744,0.6989699790388131,0.5143927172153413,0.5314427085595816,0.0553402159929071,0.4999572344975053,0.2501588034603313,-0.0026131827933431,top_groups_alpha_grid
100,pitcher_batter_hand,2019,2021,2022,2023,platt_plus_trend_w075,0.5129662444084708,13.875736474990845,0.2501816860895872,0.6935127667406257,0.5143927172153413,0.5175853604462486,0.0138350539982267,0.4999572344975053,0.2501588034603313,-2.288262925587148e-05,top_groups_alpha_grid
100,batter_env,2019,2022,2023,2024,raw,0.4980616077305448,17.472644567489624,0.2555966254950224,0.7050929845216335,0.5110713094684441,0.5351265998341684,0.0653503585673248,0.4861049201797189,0.2498392201633735,-0.0057574053316489,top_groups_alpha_grid
100,batter_env,2019,2022,2023,2024,platt,0.4980616077305448,17.472644567489624,0.2500060951416828,0.693160101736298,0.5110713094684441,0.5001467930220491,0.0129311333566202,0.4861049201797189,0.2498392201633735,-0.0001668749783093,top_groups_alpha_grid
100,batter_env,2019,2022,2023,2024,platt_plus_trend_w075,0.4980616077305448,17.472644567489624,0.2499317727219803,0.6930107223730464,0.5110713094684441,0.4985829040534209,0.003232783339155,0.4861049201797189,0.2498392201633735,-9.255255860679544e-05,top_groups_alpha_grid
100,pitcher_batter_hand,2019,2022,2023,2024,raw,0.4980616077305448,17.706372022628784,0.2554706965034612,0.7048588000498491,0.5113079564796916,0.5342154296491942,0.0648600276177029,0.4861049201797189,0.2498392201633735,-0.0056314763400877,top_groups_alpha_grid
100,pitcher_batter_hand,2019,2022,2023,2024,platt,0.4980616077305448,17.706372022628784,0.2500102977575767,0.6931686145668837,0.5113079564796916,0.500118568924433,0.0129601491973797,0.4861049201797189,0.2498392201633735,-0.0001710775942032,top_groups_alpha_grid
100,pitcher_batter_hand,2019,2022,2023,2024,platt_plus_trend_w075,0.4980616077305448,17.706372022628784,0.249932704435519,0.6930125870320262,0.5113079564796916,0.4985758480290169,0.0032400372993449,0.4861049201797189,0.2498392201633735,-9.348427214556088e-05,top_groups_alpha_grid
300,batter_env,2019,2020,2021,2022,raw,0.5114727049981269,9.115816831588743,0.2491814678120783,0.6915462106231413,0.5322004924504822,0.5449794301834315,0.0568925806662036,0.5289204435249241,0.2488975149153299,-0.0002839528967484,top_groups_alpha_grid
300,batter_env,2019,2020,2021,2022,platt,0.5114727049981269,9.115816831588743,0.2482739011923889,0.6896786690547366,0.5322004924504822,0.5359948234530802,0.030851482158333,0.5289204435249241,0.2488975149153299,0.0006236137229409,top_groups_alpha_grid
300,batter_env,2019,2020,2021,2022,platt_plus_trend_w075,0.5114727049981269,9.115816831588743,0.2488782836466972,0.6909018113055373,0.5322004924504822,0.5176032346118652,0.0077128705395832,0.5289204435249241,0.2488975149153299,1.92312686326801e-05,top_groups_alpha_grid
300,pitcher_batter_hand,2019,2020,2021,2022,raw,0.5114727049981269,9.453171491622925,0.2488242267404537,0.6908090874600344,0.5352435194654798,0.5446396255882555,0.0566964525103175,0.5289204435249241,0.2488975149153299,7.328817487617378e-05,top_groups_alpha_grid
300,pitcher_batter_hand,2019,2020,2021,2022,platt,0.5114727049981269,9.453171491622925,0.2480836133403799,0.68929258351597,0.5352435194654798,0.5357007820890476,0.0312947127843296,0.5289204435249241,0.2488975149153299,0.0008139015749499,top_groups_alpha_grid
300,pitcher_batter_hand,2019,2020,2021,2022,platt_plus_trend_w075,0.5114727049981269,9.453171491622925,0.2488282347106526,0.6908015074726753,0.5352435194654798,0.5175297242708571,0.0078236781960824,0.5289204435249241,0.2488975149153299,6.928020467728002e-05,top_groups_alpha_grid
300,batter_env,2019,2021,2022,2023,raw,0.5129662444084708,13.17648458480835,0.254006258380486,0.7016423132281174,0.5142564694059648,0.5409435684624317,0.0613305015758791,0.4999572344975053,0.2501588034603313,-0.0038474549201547,top_groups_alpha_grid
300,batter_env,2019,2021,2022,2023,platt,0.5129662444084708,13.17648458480835,0.2527403286180462,0.6989022213444572,0.5142564694059648,0.5310552897232054,0.055312369664726,0.4999572344975053,0.2501588034603313,-0.0025815251577148,top_groups_alpha_grid
300,batter_env,2019,2021,2022,2023,platt_plus_trend_w075,0.5129662444084708,13.17648458480835,0.250177005574807,0.69350330465575,0.5142564694059648,0.5174885057371544,0.0138280924161815,0.4999572344975053,0.2501588034603313,-1.820211447567388e-05,top_groups_alpha_grid
300,pitcher_batter_hand,2019,2021,2022,2023,raw,0.5129662444084708,13.504055261611938,0.2539685530702729,0.7015466870213259,0.5144049551897417,0.5416416838209014,0.0604329552675343,0.4999572344975053,0.2501588034603313,-0.0038097496099416,top_groups_alpha_grid
300,pitcher_batter_hand,2019,2021,2022,2023,platt,0.5129662444084708,13.504055261611938,0.2526788913945301,0.6987653158815239,0.5144049551897417,0.5312071904900728,0.0545649918779219,0.4999572344975053,0.2501588034603313,-0.0025200879341988,top_groups_alpha_grid
300,pitcher_batter_hand,2019,2021,2022,2023,platt_plus_trend_w075,0.5129662444084708,13.504055261611938,0.2501760090212536,0.6935012606356826,0.5144049551897417,0.5175264809288713,0.0136412479694804,0.4999572344975053,0.2501588034603313,-1.720556092227321e-05,top_groups_alpha_grid
300,batter_env,2019,2022,2023,2024,raw,0.4980616077305448,17.360964059829712,0.2553112831525848,0.7044902987425607,0.5111215129942758,0.5330203983981927,0.0647381397701284,0.4861049201797189,0.2498392201633735,-0.0054720629892112,top_groups_alpha_grid
300,batter_env,2019,2022,2023,2024,platt,0.4980616077305448,17.360964059829712,0.2500030494624812,0.6931540982252985,0.5111215129942758,0.499941658785708,0.0133459480759721,0.4861049201797189,0.2498392201633735,-0.0001638292991077,top_groups_alpha_grid
300,batter_env,2019,2022,2023,2024,platt_plus_trend_w075,0.4980616077305448,17.360964059829712,0.2499291200432243,0.6930054170613786,0.5111215129942758,0.4985316204943356,0.003336487018993,0.4861049201797189,0.2498392201633735,-8.989987985077996e-05,top_groups_alpha_grid
300,pitcher_batter_hand,2019,2022,2023,2024,raw,0.4980616077305448,17.621084451675415,0.2555033904444148,0.7049033053645295,0.5114487494048847,0.5351560874748401,0.0646074585711532,0.4861049201797189,0.2498392201633735,-0.0056641702810413,top_groups_alpha_grid
300,pitcher_batter_hand,2019,2022,2023,2024,platt,0.4980616077305448,17.621084451675415,0.250006373221742,0.6931607419640153,0.5114487494048847,0.5001336716058667,0.0131036240188521,0.4861049201797189,0.2498392201633735,-0.0001671530583685,top_groups_alpha_grid
300,pitcher_batter_hand,2019,2022,2023,2024,platt_plus_trend_w075,0.4980616077305448,17.621084451675415,0.2499310104538305,0.6930091984675384,0.5114487494048847,0.4985796236993753,0.003275906004713,0.4861049201797189,0.2498392201633735,-9.17902904570278e-05,top_groups_alpha_grid
1000,batter_env,2019,2020,2021,2022,raw,0.5114727049981269,9.132886171340942,0.2490056669855196,0.6911853261539451,0.5339133086319771,0.5454678116210735,0.0566343623283,0.5289204435249241,0.2488975149153299,-0.0001081520701897,top_groups_alpha_grid
1000,batter_env,2019,2020,2021,2022,platt,0.5114727049981269,9.132886171340942,0.2481789830129623,0.6894872096757909,0.5339133086319771,0.5361469553292734,0.0308588287182748,0.5289204435249241,0.2488975149153299,0.0007185319023675,top_groups_alpha_grid
1000,batter_env,2019,2020,2021,2022,platt_plus_trend_w075,0.5114727049981269,9.132886171340942,0.2488530657841437,0.6908513224397209,0.5339133086319771,0.5176412675809136,0.0077147071795687,0.5289204435249241,0.2488975149153299,4.4449131186175e-05,top_groups_alpha_grid
1000,pitcher_batter_hand,2019,2020,2021,2022,raw,0.5114727049981269,9.881473064422607,0.2492439369783954,0.6916747670235802,0.5320753601961062,0.5473260442571382,0.0570715618886154,0.5289204435249241,0.2488975149153299,-0.0003464220630655,top_groups_alpha_grid
1000,pitcher_batter_hand,2019,2020,2021,2022,platt,0.5114727049981269,9.881473064422607,0.2482643464136278,0.6896603956931785,0.5320753601961062,0.5363184012112798,0.0298227923241155,0.5289204435249241,0.2488975149153299,0.000633168501702,top_groups_alpha_grid
1000,pitcher_batter_hand,2019,2020,2021,2022,platt_plus_trend_w075,0.5114727049981269,9.881473064422607,0.2488846025799871,0.6909145480731506,0.5320753601961062,0.5176841290514151,0.0074556980810288,0.5289204435249241,0.2488975149153299,1.291233534272962e-05,top_groups_alpha_grid
1000,batter_env,2019,2021,2022,2023,raw,0.5129662444084708,13.934184551239014,0.2540737269904193,0.7017788454515633,0.5146634323512814,0.5426262910385692,0.0610951195439274,0.4999572344975053,0.2501588034603313,-0.0039149235300879,top_groups_alpha_grid
1000,batter_env,2019,2021,2022,2023,platt,0.5129662444084708,13.934184551239014,0.2526905365368254,0.6987929819570168,0.5146634323512814,0.5315063104772684,0.0549185793164828,0.4999572344975053,0.2501588034603313,-0.0025317330764941,top_groups_alpha_grid
1000,batter_env,2019,2021,2022,2023,platt_plus_trend_w075,0.5129662444084708,13.934184551239014,0.2501695989409424,0.693488478752008,0.5146634323512814,0.5176012609256702,0.0137296448291207,0.4999572344975053,0.2501588034603313,-1.079548061105884e-05,top_groups_alpha_grid
1000,pitcher_batter_hand,2019,2021,2022,2023,raw,0.5129662444084708,14.29930543899536,0.2541490358253488,0.7019382482266262,0.5140680105787122,0.5421586094230858,0.0614756290043575,0.4999572344975053,0.2501588034603313,-0.0039902323650175,top_groups_alpha_grid
1000,pitcher_batter_hand,2019,2021,2022,2023,platt,0.5129662444084708,14.29930543899536,0.2527438317320357,0.6989008165710154,0.5140680105787122,0.5312997245590769,0.0548876836561154,0.4999572344975053,0.2501588034603313,-0.0025850282717043,top_groups_alpha_grid
1000,pitcher_batter_hand,2019,2021,2022,2023,platt_plus_trend_w075,0.5129662444084708,14.29930543899536,0.2501849871320717,0.6935192716079284,0.5140680105787122,0.5175496144461224,0.0137219209140288,0.4999572344975053,0.2501588034603313,-2.6183671740453995e-05,top_groups_alpha_grid
1000,batter_env,2019,2022,2023,2024,raw,0.4980616077305448,17.555283546447754,0.2553524346794641,0.7045850423452026,0.5109085801670192,0.5333944131101657,0.0644995025986709,0.4861049201797189,0.2498392201633735,-0.0055132145160906,top_groups_alpha_grid
1000,batter_env,2019,2022,2023,2024,platt,0.4980616077305448,17.555283546447754,0.250010958536328,0.6931699379089464,0.5109085801670192,0.5000438413643504,0.0131821009811974,0.4861049201797189,0.2498392201633735,-0.0001717383729545,top_groups_alpha_grid
1000,batter_env,2019,2022,2023,2024,platt_plus_trend_w075,0.4980616077305448,17.555283546447754,0.2499318382902283,0.6930108541092656,0.5109085801670192,0.4985571661389962,0.0032955252452993,0.4861049201797189,0.2498392201633735,-9.26181268547932e-05,top_groups_alpha_grid
1000,pitcher_batter_hand,2019,2022,2023,2024,raw,0.4980616077305448,17.838316440582275,0.2554240831618282,0.7047778032219051,0.5113269996281178,0.532404191133574,0.0657854811919701,0.4861049201797189,0.2498392201633735,-0.0055848629984546,top_groups_alpha_grid
1000,pitcher_batter_hand,2019,2022,2023,2024,platt,0.4980616077305448,17.838316440582275,0.2500079945310832,0.6931639704504239,0.5113269996281178,0.4999666698791591,0.0128884834588856,0.4861049201797189,0.2498392201633735,-0.0001687743677097,top_groups_alpha_grid
1000,pitcher_batter_hand,2019,2022,2023,2024,platt_plus_trend_w075,0.4980616077305448,17.838316440582275,0.2499325888080666,0.6930123555261493,0.5113269996281178,0.4985378732676984,0.0032221208647214,0.4861049201797189,0.2498392201633735,-9.33686446931148e-05,top_groups_alpha_grid
