candidate_name,target_definition,target_formula,model_type,calibration_mode,valid_year,estimated_global_baseline,metric_actual_rate,metric_constant_brier,metric_brier,metric_skill_margin,metric_pseudo_score,metric_auc,metric_logloss,metric_pred_mean,metric_pred_std
A_ORIGINAL,binary classifier,control_success,CatBoostClassifier Logloss,native,2022,0.5114727049981269,0.5289204435249241,0.24916360794632167,0.24906209080176053,0.00010151714456113625,40.7431668684965,0.5324856858143385,0.6913031110776264,0.5443147913690605,0.05695720532425376
A_ORIGINAL,binary classifier,control_success,CatBoostClassifier Logloss,platt,2022,0.5114727049981269,0.5289204435249241,0.24916360794632167,0.24821174557430123,0.00095186237202044,382.0230329244163,0.5324856858143385,0.6895538848731501,0.5348896027577381,0.02862439904538513
A_ORIGINAL,binary classifier,control_success,CatBoostClassifier Logloss,v2_strength,2022,0.5114727049981269,0.5289204435249241,0.24916360794632167,0.24894055749927693,0.00022305044704473698,89.51967299044315,0.5322787370048183,0.6910267618039342,0.5115676534729856,0.01099229483839128
A_ORIGINAL,binary classifier,control_success,CatBoostClassifier Logloss,native,2023,0.5276733290608981,0.49995723449750534,0.24999999817111176,0.2540765927559245,-0.004076594584812715,0.0,0.5154708686332126,0.7018125133287548,0.5419201905674266,0.062106804902845376
A_ORIGINAL,binary classifier,control_success,CatBoostClassifier Logloss,platt,2023,0.5276733290608981,0.49995723449750534,0.24999999817111176,0.25267638406318943,-0.002676385892077665,0.0,0.5154708686332126,0.6987763406570034,0.5311629375524517,0.05538384867760476
A_ORIGINAL,binary classifier,control_success,CatBoostClassifier Logloss,v2_strength,2023,0.5276733290608981,0.49995723449750534,0.24999999817111176,0.25056802835099595,-0.000568030179884188,0.0,0.5153704840527471,0.694287061114121,0.527189297933662,0.014285022476808469
A_ORIGINAL,binary classifier,control_success,CatBoostClassifier Logloss,native,2024,0.48774205570452267,0.4861049201797189,0.24980692675678798,0.2555164325408653,-0.0057095057840773344,0.0,0.5106875170195614,0.7049407319137688,0.5332785480993348,0.06568103219750941
A_ORIGINAL,binary classifier,control_success,CatBoostClassifier Logloss,platt,2024,0.48774205570452267,0.4861049201797189,0.24980692675678798,0.2500138247696704,-0.0002068980128824005,0.0,0.5106875170195614,0.6931755822046753,0.49999525244929005,0.012986016692207763
A_ORIGINAL,binary classifier,control_success,CatBoostClassifier Logloss,v2_strength,2024,0.48774205570452267,0.4861049201797189,0.24980692675678798,0.24977399777610962,3.2928980678359476e-05,13.181772461585556,0.5106876936728955,0.6926949806395462,0.48773544324372964,0.00562363776754328
B_SEASON_CENTERED,season-centered residual,control_success - leave-one-out season baseline,CatBoostRegressor RMSE,native,2022,0.5114727049981269,0.5289204435249241,0.24916360794632167,0.24892526122750072,0.0002383467188209476,95.65872030248318,0.5320631712303441,0.6910017683073032,0.5222489068190118,0.05732729852787977
B_SEASON_CENTERED,season-centered residual,control_success - leave-one-out season baseline,CatBoostRegressor RMSE,platt,2022,0.5114727049981269,0.5289204435249241,0.24916360794632167,0.2483285525369094,0.0008350554094122553,335.1434089010923,0.5320631712303441,0.6897898693841189,0.5403974699867589,0.028525508228556946
B_SEASON_CENTERED,season-centered residual,control_success - leave-one-out season baseline,CatBoostRegressor RMSE,v2_strength,2022,0.5114727049981269,0.5289204435249241,0.24916360794632167,0.2489426143991168,0.0002209935472048674,88.69415121508312,0.5318932648945986,0.6910308882512928,0.5116201354264761,0.01098699089984881
B_SEASON_CENTERED,season-centered residual,control_success - leave-one-out season baseline,CatBoostRegressor RMSE,native,2023,0.5276733290608981,0.49995723449750534,0.24999999817111176,0.2537949648434066,-0.003794966672294814,0.0,0.5147424177618206,0.7012387287918626,0.5364224180423938,0.062465957717591426
B_SEASON_CENTERED,season-centered residual,control_success - leave-one-out season baseline,CatBoostRegressor RMSE,platt,2023,0.5276733290608981,0.49995723449750534,0.24999999817111176,0.25403652828097206,-0.004036530109860298,0.0,0.5147424177618206,0.7016741574588338,0.5463744166846805,0.05638654232429921
B_SEASON_CENTERED,season-centered residual,control_success - leave-one-out season baseline,CatBoostRegressor RMSE,v2_strength,2023,0.5276733290608981,0.49995723449750534,0.24999999817111176,0.2505800877776047,-0.000580089606492945,0.0,0.5145203825043534,0.6943114276253279,0.5269869656473553,0.014434597742316844
B_SEASON_CENTERED,season-centered residual,control_success - leave-one-out season baseline,CatBoostRegressor RMSE,native,2024,0.48774205570452267,0.4861049201797189,0.24980692675678798,0.25302295514007633,-0.003216028383288355,0.0,0.512168857255338,0.6995142913802317,0.488056571045356,0.06439520856121837
B_SEASON_CENTERED,season-centered residual,control_success - leave-one-out season baseline,CatBoostRegressor RMSE,platt,2024,0.48774205570452267,0.4861049201797189,0.24980692675678798,0.24982479782887146,-1.787107208348071e-05,0.0,0.512168857255338,0.6927967545999298,0.4916516121950588,0.013284753029103393
B_SEASON_CENTERED,season-centered residual,control_success - leave-one-out season baseline,CatBoostRegressor RMSE,v2_strength,2024,0.48774205570452267,0.4861049201797189,0.24980692675678798,0.2497601778659671,4.6748890820874633e-05,18.71400902601446,0.5121697579942435,0.6926673232141577,0.4877343969930613,0.005746297717468231
C_LOGIT_RESIDUAL,pseudo-logit residual,"clip((y - q_loo)/(q_loo*(1-q_loo)), -4, 4)",CatBoostRegressor RMSE,native,2022,0.5114727049981269,0.5289204435249241,0.24916360794632167,0.24891082105898255,0.0002527868873391237,101.45417680481758,0.532011902584178,0.6909701782327973,0.5208515887959912,0.05633797021263111
C_LOGIT_RESIDUAL,pseudo-logit residual,"clip((y - q_loo)/(q_loo*(1-q_loo)), -4, 4)",CatBoostRegressor RMSE,platt,2022,0.5114727049981269,0.5289204435249241,0.24916360794632167,0.24833891196816693,0.000824695978154738,330.9857265882928,0.532011902584178,0.6898111267356187,0.5404125864731839,0.028243609098881767
C_LOGIT_RESIDUAL,pseudo-logit residual,"clip((y - q_loo)/(q_loo*(1-q_loo)), -4, 4)",CatBoostRegressor RMSE,v2_strength,2022,0.5114727049981269,0.5289204435249241,0.24916360794632167,0.24894259181622322,0.00022101613009845034,88.70321469500664,0.5318518029410094,0.6910308276795497,0.5115984262069072,0.010993879220940512
C_LOGIT_RESIDUAL,pseudo-logit residual,"clip((y - q_loo)/(q_loo*(1-q_loo)), -4, 4)",CatBoostRegressor RMSE,native,2023,0.5276733290608981,0.49995723449750534,0.24999999817111176,0.25342749597106123,-0.0034274977999494693,0.0,0.5149203948450176,0.7003950891181859,0.5340201908743177,0.060999362275400835
C_LOGIT_RESIDUAL,pseudo-logit residual,"clip((y - q_loo)/(q_loo*(1-q_loo)), -4, 4)",CatBoostRegressor RMSE,platt,2023,0.5276733290608981,0.49995723449750534,0.24999999817111176,0.25390998261269176,-0.00390998444158,0.0,0.5149203948450176,0.7013675393718454,0.5458250912704156,0.056083960565144524
C_LOGIT_RESIDUAL,pseudo-logit residual,"clip((y - q_loo)/(q_loo*(1-q_loo)), -4, 4)",CatBoostRegressor RMSE,v2_strength,2023,0.5276733290608981,0.49995723449750534,0.24999999817111176,0.2505835636187966,-0.000583565447684814,0.0,0.5147023847673063,0.6943184412975292,0.5270701435335486,0.014527729890312957
C_LOGIT_RESIDUAL,pseudo-logit residual,"clip((y - q_loo)/(q_loo*(1-q_loo)), -4, 4)",CatBoostRegressor RMSE,native,2024,0.48774205570452267,0.4861049201797189,0.24980692675678798,0.2529282835333923,-0.003121356776604328,0.0,0.5113707016759051,0.6992849577369081,0.4882644312406904,0.06310832458417283
C_LOGIT_RESIDUAL,pseudo-logit residual,"clip((y - q_loo)/(q_loo*(1-q_loo)), -4, 4)",CatBoostRegressor RMSE,platt,2024,0.48774205570452267,0.4861049201797189,0.24980692675678798,0.24983765463972676,-3.072788293878581e-05,0.0,0.5113707016759051,0.6928224795944258,0.4914481149168356,0.013661881231902533
C_LOGIT_RESIDUAL,pseudo-logit residual,"clip((y - q_loo)/(q_loo*(1-q_loo)), -4, 4)",CatBoostRegressor RMSE,v2_strength,2024,0.48774205570452267,0.4861049201797189,0.24980692675678798,0.24976430376438008,4.262299240789802e-05,17.062374114788163,0.51137137730016,0.6926755764624309,0.48773515836758263,0.005916973781198408
D_BASELINE_PLUS_MODEL_DEVIATION,classifier deviation from model mean,control_success classifier; final p=q_future + raw - mean(raw_cal),CatBoostClassifier Logloss,native,2022,0.5114727049981269,0.5289204435249241,0.24916360794632167,0.2490002108506329,0.00016339709568877203,65.57823473320926,0.5324856858143385,0.6911484730642042,0.5156876813635808,0.05695720532425376
D_BASELINE_PLUS_MODEL_DEVIATION,classifier deviation from model mean,control_success classifier; final p=q_future + raw - mean(raw_cal),CatBoostClassifier Logloss,platt,2022,0.5114727049981269,0.5289204435249241,0.24916360794632167,0.24830740434238993,0.0008562036039317378,343.63108280090137,0.5324856858143385,0.6897463436452473,0.5402477983436709,0.028497322770214877
D_BASELINE_PLUS_MODEL_DEVIATION,classifier deviation from model mean,control_success classifier; final p=q_future + raw - mean(raw_cal),CatBoostClassifier Logloss,v2_strength,2022,0.5114727049981269,0.5289204435249241,0.24916360794632167,0.24893987634778558,0.0002237315985360866,89.79304818233568,0.5322755004371444,0.6910254031658224,0.511601646325404,0.010965747961121673
D_BASELINE_PLUS_MODEL_DEVIATION,classifier deviation from model mean,control_success classifier; final p=q_future + raw - mean(raw_cal),CatBoostClassifier Logloss,native,2023,0.5276733290608981,0.49995723449750534,0.24999999817111176,0.2532357544505459,-0.003235756279434149,0.0,0.5154708686332126,0.7000106052571153,0.5302895831824914,0.062106804902845376
D_BASELINE_PLUS_MODEL_DEVIATION,classifier deviation from model mean,control_success classifier; final p=q_future + raw - mean(raw_cal),CatBoostClassifier Logloss,platt,2023,0.5276733290608981,0.49995723449750534,0.24999999817111176,0.25376409119632465,-0.0037640930252128835,0.0,0.5154708686332126,0.7010585996470416,0.5456613933739094,0.055213894727517775
D_BASELINE_PLUS_MODEL_DEVIATION,classifier deviation from model mean,control_success classifier; final p=q_future + raw - mean(raw_cal),CatBoostClassifier Logloss,v2_strength,2023,0.5276733290608981,0.49995723449750534,0.24999999817111176,0.25057019687042664,-0.0005701986993148778,0.0,0.5153624217162985,0.6942914199673947,0.5272306996354067,0.014306175953104969
D_BASELINE_PLUS_MODEL_DEVIATION,classifier deviation from model mean,control_success classifier; final p=q_future + raw - mean(raw_cal),CatBoostClassifier Logloss,native,2024,0.48774205570452267,0.4861049201797189,0.24980692675678798,0.2532957009183668,-0.003488774161578806,0.0,0.5106875170195614,0.7000721166453475,0.48825423369799875,0.0656810321975094
D_BASELINE_PLUS_MODEL_DEVIATION,classifier deviation from model mean,control_success classifier; final p=q_future + raw - mean(raw_cal),CatBoostClassifier Logloss,platt,2024,0.48774205570452267,0.4861049201797189,0.24980692675678798,0.2498499175831628,-4.299082637482243e-05,0.0,0.5106875170195614,0.6928469675145501,0.49224277648659026,0.01284986308398645
D_BASELINE_PLUS_MODEL_DEVIATION,classifier deviation from model mean,control_success classifier; final p=q_future + raw - mean(raw_cal),CatBoostClassifier Logloss,v2_strength,2024,0.48774205570452267,0.4861049201797189,0.24980692675678798,0.24977123345117352,3.569330561445372e-05,14.288357043519742,0.5106875310658685,0.6926894481177348,0.4877389141153265,0.005575784892659129
