train_start,train_end,cal_year,valid_year,global_prior,r_prior,f_prior,alpha,strategy,segment,n,brier,logloss,pred_mean,actual_rate,current_brier,improvement_vs_current
2019,2020,2021,2022,0.5114727049981269,0.492998577985432,0.62,,raw_model,overall,247472,0.25236891011388485,0.6982360543908525,0.564747142216467,0.5289204435249241,0.24912154696639416,-0.0032473631474906894
2019,2020,2021,2022,0.5114727049981269,0.492998577985432,0.62,,raw_model,R,217024,0.2555208420753414,0.7046820403775207,0.5644572665293013,0.5036908360365674,0.24912154696639416,-0.006399295108947267
2019,2020,2021,2022,0.5114727049981269,0.492998577985432,0.62,,raw_model,F,30448,0.229902906369693,0.6522910444469913,0.5668132871564125,0.7087493431424067,0.24912154696639416,0.01921864059670117
2019,2020,2021,2022,0.5114727049981269,0.492998577985432,0.62,,global_platt,overall,247472,0.24888462547543985,0.6909138376430902,0.5367647443097421,0.5289204435249241,0.24912154696639416,0.00023692149095430604
2019,2020,2021,2022,0.5114727049981269,0.492998577985432,0.62,,global_platt,R,217024,0.2507210366490063,0.6946003164790796,0.5366620995166103,0.5036908360365674,0.24912154696639416,-0.001599489682612143
2019,2020,2021,2022,0.5114727049981269,0.492998577985432,0.62,,global_platt,F,30448,0.23579525019522143,0.664637747821042,0.5374963648951543,0.7087493431424067,0.24912154696639416,0.013326296771172724
2019,2020,2021,2022,0.5114727049981269,0.492998577985432,0.62,,global_linear_prior,overall,247472,0.2494680315260211,0.6920830799441466,0.5114727049981269,0.5289204435249241,0.24912154696639416,-0.00034648455962693614
2019,2020,2021,2022,0.5114727049981269,0.492998577985432,0.62,,global_linear_prior,R,217024,0.250046935213886,0.6932410905761331,0.5114727049981269,0.5036908360365674,0.24912154696639416,-0.0009253882474918318
2019,2020,2021,2022,0.5114727049981269,0.492998577985432,0.62,,global_linear_prior,F,30448,0.24534178369512274,0.6838291355341283,0.5114727049981269,0.7087493431424067,0.24912154696639416,0.0037797632712714135
2019,2020,2021,2022,0.5114727049981269,0.492998577985432,0.62,,current_best_global_prior_w075,overall,247472,0.24912154696639416,0.6913893124636288,0.5177957148260307,0.5289204435249241,0.24912154696639416,0.0
2019,2020,2021,2022,0.5114727049981269,0.492998577985432,0.62,,current_best_global_prior_w075,R,217024,0.25001680498395584,0.693180807463604,0.5177700536277476,0.5036908360365674,0.24912154696639416,-0.0008952580175616842
2019,2020,2021,2022,0.5114727049981269,0.492998577985432,0.62,,current_best_global_prior_w075,F,30448,0.2427404225574575,0.6786200858847196,0.5179786199723838,0.7087493431424067,0.24912154696639416,0.00638112440893665
2019,2020,2021,2022,0.5114727049981269,0.492998577985432,0.62,,separate_platt,overall,247472,0.24446883501778285,0.6817510442559902,0.5397638058985009,0.5289204435249241,0.24912154696639416,0.0046527119486113044
2019,2020,2021,2022,0.5114727049981269,0.492998577985432,0.62,,separate_platt,R,217024,0.24980213490025366,0.6927516304934224,0.5167419547228181,0.5036908360365674,0.24912154696639416,-0.0006805879338595
2019,2020,2021,2022,0.5114727049981269,0.492998577985432,0.62,,separate_platt,F,30448,0.2064547101592257,0.6033422414580242,0.7038564960440402,0.7087493431424067,0.24912154696639416,0.04266683680716846
2019,2020,2021,2022,0.5114727049981269,0.5096252922968575,0.5223254344983143,0.1,game_type_prior_alpha_0.1,overall,247472,0.2489334626290089,0.691012716885902,0.5111878687893495,0.5289204435249241,0.24912154696639416,0.00018808433738526364
2019,2020,2021,2022,0.5114727049981269,0.5096252922968575,0.5223254344983143,0.1,game_type_prior_alpha_0.1,R,217024,0.2500215955004565,0.6931903883451885,0.5096252922968575,0.5036908360365674,0.24912154696639416,-0.0009000485340623365
2019,2020,2021,2022,0.5114727049981269,0.5096252922968575,0.5223254344983143,0.1,game_type_prior_alpha_0.1,F,30448,0.2411775854517546,0.6754909430163478,0.5223254344983143,0.7087493431424067,0.24912154696639416,0.007943961514639553
2019,2020,2021,2022,0.5114727049981269,0.5096252922968575,0.5223254344983143,0.1,global_platt_plus_game_type_prior_alpha_0.1,overall,247472,0.24871506913470692,0.6905747361688999,0.5175820876694475,0.5289204435249241,0.24912154696639416,0.0004064778316872353
2019,2020,2021,2022,0.5114727049981269,0.5096252922968575,0.5223254344983143,0.1,global_platt_plus_game_type_prior_alpha_0.1,R,217024,0.24997970957105298,0.693106568138567,0.5163844941017957,0.5036908360365674,0.24912154696639416,-0.0008581626046588187
2019,2020,2021,2022,0.5114727049981269,0.5096252922968575,0.5223254344983143,0.1,global_platt_plus_game_type_prior_alpha_0.1,F,30448,0.23970110020218083,0.6725286148675003,0.5261181670975242,0.7087493431424067,0.24912154696639416,0.00942044676421333
2019,2020,2021,2022,0.5114727049981269,0.5096252922968575,0.5223254344983143,0.1,separate_platt_plus_game_type_prior_alpha_0.1,overall,247472,0.24699503103363263,0.6871046635297413,0.5183318530666372,0.5289204435249241,0.24912154696639416,0.00212651593276153
2019,2020,2021,2022,0.5114727049981269,0.5096252922968575,0.5223254344983143,0.1,separate_platt_plus_game_type_prior_alpha_0.1,R,217024,0.24989596597386235,0.6929390376427108,0.5114044579033477,0.5036908360365674,0.24912154696639416,-0.0007744190074681911
2019,2020,2021,2022,0.5114727049981269,0.5096252922968575,0.5223254344983143,0.1,separate_platt_plus_game_type_prior_alpha_0.1,F,30448,0.22631805702980945,0.6455190353277864,0.5677081998847457,0.7087493431424067,0.24912154696639416,0.02280348993658471
2019,2020,2021,2022,0.5114727049981269,0.507777879595588,0.5331781639985016,0.2,game_type_prior_alpha_0.2,overall,247472,0.24843386259204914,0.6900104925038218,0.5109030325805719,0.5289204435249241,0.24912154696639416,0.0006876843743450212
2019,2020,2021,2022,0.5114727049981269,0.507777879595588,0.5331781639985016,0.2,game_type_prior_alpha_0.2,R,217024,0.25000308165440455,0.6931533492465002,0.5077778795955882,0.5036908360365674,0.24912154696639416,-0.000881534688010388
2019,2020,2021,2022,0.5114727049981269,0.507777879595588,0.5331781639985016,0.2,game_type_prior_alpha_0.2,F,30448,0.23724895068359492,0.6676091741340437,0.5331781639985014,0.7087493431424067,0.24912154696639416,0.011872596282799242
2019,2020,2021,2022,0.5114727049981269,0.507777879595588,0.5331781639985016,0.2,global_platt_plus_game_type_prior_alpha_0.2,overall,247472,0.24832826128679925,0.6897983541195586,0.5173684605128643,0.5289204435249241,0.24912154696639416,0.0007932856795949128
2019,2020,2021,2022,0.5114727049981269,0.507777879595588,0.5331781639985016,0.2,global_platt_plus_game_type_prior_alpha_0.2,R,217024,0.24994645370855,0.6930400254693507,0.5149989345758436,0.5036908360365674,0.24912154696639416,-0.0008249067421558509
2019,2020,2021,2022,0.5114727049981269,0.507777879595588,0.5331781639985016,0.2,global_platt_plus_game_type_prior_alpha_0.2,F,30448,0.2367942823017089,0.6666927155548807,0.5342577142226648,0.7087493431424067,0.24912154696639416,0.012327264664685256
2019,2020,2021,2022,0.5114727049981269,0.507777879595588,0.5331781639985016,0.2,separate_platt_plus_game_type_prior_alpha_0.2,overall,247472,0.24670362690788125,0.6865103149443759,0.5181182259100541,0.5289204435249241,0.24912154696639416,0.002417920058512907
2019,2020,2021,2022,0.5114727049981269,0.507777879595588,0.5331781639985016,0.2,separate_platt_plus_game_type_prior_alpha_0.2,R,217024,0.24987651038454806,0.6929001303831152,0.5100188983773956,0.5036908360365674,0.24912154696639416,-0.0007549634181538978
2019,2020,2021,2022,0.5114727049981269,0.507777879595588,0.5331781639985016,0.2,separate_platt_plus_game_type_prior_alpha_0.2,F,30448,0.22408828719295298,0.6409656714283184,0.5758477470098863,0.7087493431424067,0.24912154696639416,0.025033259773441174
2019,2020,2021,2022,0.5114727049981269,0.5059304668943184,0.5440308934986888,0.3,game_type_prior_alpha_0.3,overall,247472,0.2479692314151419,0.6890757557456132,0.5106181963717941,0.5289204435249241,0.24912154696639416,0.0011523155512522532
2019,2020,2021,2022,0.5114727049981269,0.5059304668943184,0.5440308934986888,0.3,game_type_prior_alpha_0.3,R,217024,0.2499913936757302,0.6931299687536342,0.5059304668943182,0.5036908360365674,0.24912154696639416,-0.0008698467093360418
2019,2020,2021,2022,0.5114727049981269,0.5059304668943184,0.5440308934986888,0.3,game_type_prior_alpha_0.3,F,30448,0.23355587939064382,0.6601785695970066,0.5440308934986886,0.7087493431424067,0.24912154696639416,0.015565667575750342
2019,2020,2021,2022,0.5114727049981269,0.5059304668943184,0.5440308934986888,0.3,global_platt_plus_game_type_prior_alpha_0.3,overall,247472,0.2479611234226711,0.6890599043851826,0.5171548333562811,0.5289204435249241,0.24912154696639416,0.0011604235437230603
2019,2020,2021,2022,0.5114727049981269,0.5059304668943184,0.5440308934986888,0.3,global_platt_plus_game_type_prior_alpha_0.3,R,217024,0.24991703739644694,0.6929811757533223,0.5136133750498914,0.5036908360365674,0.24912154696639416,-0.000795490430052781
2019,2020,2021,2022,0.5114727049981269,0.5059304668943184,0.5440308934986888,0.3,global_platt_plus_game_type_prior_alpha_0.3,F,30448,0.2340199688560418,0.6611102854480058,0.5423972613478051,0.7087493431424067,0.24912154696639416,0.01510157811035237
2019,2020,2021,2022,0.5114727049981269,0.5059304668943184,0.5440308934986888,0.3,separate_platt_plus_game_type_prior_alpha_0.3,overall,247472,0.2464318927659094,0.6859533272269731,0.5179045987534708,0.5289204435249241,0.24912154696639416,0.0026896542004847535
2019,2020,2021,2022,0.5114727049981269,0.5059304668943184,0.5440308934986888,0.3,separate_platt_plus_game_type_prior_alpha_0.3,R,217024,0.24986089434563372,0.6928689058808096,0.5086333388514434,0.5036908360365674,0.24912154696639416,-0.0007393473792395577
2019,2020,2021,2022,0.5114727049981269,0.5059304668943184,0.5440308934986888,0.3,separate_platt_plus_game_type_prior_alpha_0.3,F,30448,0.2219910218109013,0.6366612048619499,0.5839872941350267,0.7087493431424067,0.24912154696639416,0.027130525155492857
2019,2020,2021,2022,0.5114727049981269,0.5022356414917795,0.5657363524990635,0.5,game_type_prior_alpha_0.5,overall,247472,0.2471448756414847,0.6874069093356345,0.510048523954239,0.5289204435249241,0.24912154696639416,0.001976671324909446
2019,2020,2021,2022,0.5114727049981269,0.5022356414917795,0.5657363524990635,0.5,game_type_prior_alpha_0.5,R,217024,0.24998849532051434,0.6931241710809434,0.5022356414917795,0.5036908360365674,0.24912154696639416,-0.0008669483541201839
2019,2020,2021,2022,0.5114727049981269,0.5022356414917795,0.5657363524990635,0.5,game_type_prior_alpha_0.5,F,30448,0.22687642723036666,0.6466560221504686,0.5657363524990637,0.7087493431424067,0.24912154696639416,0.022245119736027497
2019,2020,2021,2022,0.5114727049981269,0.5022356414917795,0.5657363524990635,0.5,global_platt_plus_game_type_prior_alpha_0.5,overall,247472,0.24728585764575334,0.6876959969957726,0.5167275790431147,0.5289204435249241,0.24912154696639416,0.001835689320640821
2019,2020,2021,2022,0.5114727049981269,0.5022356414917795,0.5657363524990635,0.5,global_platt_plus_game_type_prior_alpha_0.5,R,217024,0.2498697234234406,0.6928865421523863,0.5108422559979872,0.5036908360365674,0.24912154696639416,-0.0007481764570464455
2019,2020,2021,2022,0.5114727049981269,0.5022356414917795,0.5657363524990635,0.5,global_platt_plus_game_type_prior_alpha_0.5,F,30448,0.22886885532912177,0.6506993840140031,0.5586763555980861,0.7087493431424067,0.24912154696639416,0.02025269163727239
2019,2020,2021,2022,0.5114727049981269,0.5022356414917795,0.5657363524990635,0.5,separate_platt_plus_game_type_prior_alpha_0.5,overall,247472,0.24594743443330427,0.6849516358487856,0.5174773444403045,0.5289204435249241,0.24912154696639416,0.0031741125330898845
2019,2020,2021,2022,0.5114727049981269,0.5022356414917795,0.5657363524990635,0.5,separate_platt_plus_game_type_prior_alpha_0.5,R,217024,0.24984118091900476,0.692829497228609,0.505862219799539,0.5036908360365674,0.24912154696639416,-0.0007196339526105988
2019,2020,2021,2022,0.5114727049981269,0.5022356414917795,0.5657363524990635,0.5,separate_platt_plus_game_type_prior_alpha_0.5,F,30448,0.2181940044112122,0.6288006575219726,0.6002663883853077,0.7087493431424067,0.24912154696639416,0.03092754255518196
2019,2020,2021,2022,0.5114727049981269,0.49854081608924045,0.5874418114994381,0.7,game_type_prior_alpha_0.7,overall,247472,0.24646039530803754,0.6860040426137236,0.5094788515366839,0.5289204435249241,0.24912154696639416,0.0026611516583566197
2019,2020,2021,2022,0.5114727049981269,0.49854081608924045,0.5874418114994381,0.7,game_type_prior_alpha_0.7,R,217024,0.250012900434809,0.6931729815088562,0.49854081608924056,0.5036908360365674,0.24912154696639416,-0.0008913534684148461
2019,2020,2021,2022,0.5114727049981269,0.49854081608924045,0.5874418114994381,0.7,game_type_prior_alpha_0.7,F,30448,0.22113922897092356,0.6349060462009127,0.5874418114994381,0.7087493431424067,0.24912154696639416,0.0279823179954706
2019,2020,2021,2022,0.5114727049981269,0.49854081608924045,0.5874418114994381,0.7,global_platt_plus_game_type_prior_alpha_0.7,overall,247472,0.2466892718039537,0.686481889121922,0.5163003247299484,0.5289204435249241,0.24912154696639416,0.0024322751624404615
2019,2020,2021,2022,0.5114727049981269,0.49854081608924045,0.5874418114994381,0.7,global_platt_plus_game_type_prior_alpha_0.7,R,217024,0.24983776765203392,0.6928226448359537,0.508071136946083,0.5036908360365674,0.24912154696639416,-0.0007162206856397568
2019,2020,2021,2022,0.5114727049981269,0.49854081608924045,0.5874418114994381,0.7,global_platt_plus_game_type_prior_alpha_0.7,F,30448,0.22424775962142082,0.6412869282679419,0.5749554498483672,0.7087493431424067,0.24912154696639416,0.024873787344973336
2019,2020,2021,2022,0.5114727049981269,0.49854081608924045,0.5874418114994381,0.7,separate_platt_plus_game_type_prior_alpha_0.7,overall,247472,0.24554165603581724,0.6841005180216312,0.5170500901271381,0.5289204435249241,0.24912154696639416,0.0035798909305769233
2019,2020,2021,2022,0.5114727049981269,0.49854081608924045,0.5874418114994381,0.7,separate_platt_plus_game_type_prior_alpha_0.7,R,217024,0.24983682569397542,0.6928207993905667,0.5030911007476349,0.5036908360365674,0.24912154696639416,-0.0007152787275812589
2019,2020,2021,2022,0.5114727049981269,0.49854081608924045,0.5874418114994381,0.7,separate_platt_plus_game_type_prior_alpha_0.7,F,30448,0.21492700483074215,0.621945028537531,0.6165454826355886,0.7087493431424067,0.24912154696639416,0.03419454213565201
2019,2020,2021,2022,0.5114727049981269,0.492998577985432,0.62,1.0,game_type_prior_alpha_1.0,overall,247472,0.24569594125826053,0.6843999908912357,0.5086243429103511,0.5289204435249241,0.24912154696639416,0.0034256057081336333
2019,2020,2021,2022,0.5114727049981269,0.492998577985432,0.62,1.0,game_type_prior_alpha_1.0,R,217024,0.25010070211158325,0.6933486011528548,0.492998577985432,0.5036908360365674,0.24912154696639416,-0.0009791551451890923
2019,2020,2021,2022,0.5114727049981269,0.492998577985432,0.62,1.0,game_type_prior_alpha_1.0,F,30448,0.21430015764582241,0.6206170431305419,0.6200000000000001,0.7087493431424067,0.24912154696639416,0.034821389320571744
2019,2020,2021,2022,0.5114727049981269,0.492998577985432,0.62,1.0,global_platt_plus_game_type_prior_alpha_1.0,overall,247472,0.24594191791960066,0.6849410736211307,0.5156594432601987,0.5289204435249241,0.24912154696639416,0.003179629046793503
2019,2020,2021,2022,0.5114727049981269,0.492998577985432,0.62,1.0,global_platt_plus_game_type_prior_alpha_1.0,R,217024,0.24981863062292323,0.6927843941562241,0.5039144583682266,0.5036908360365674,0.24912154696639416,-0.0006970836565290683
2019,2020,2021,2022,0.5114727049981269,0.492998577985432,0.62,1.0,global_platt_plus_game_type_prior_alpha_1.0,F,30448,0.21830989947090518,0.6290362918355253,0.5993740912237884,0.7087493431424067,0.24912154696639416,0.03081164749548898
2019,2020,2021,2022,0.5114727049981269,0.492998577985432,0.62,1.0,separate_platt_plus_game_type_prior_alpha_1.0,overall,247472,0.2450805133179331,0.6831103909572477,0.5164092086573885,0.5289204435249241,0.24912154696639416,0.004041033648461062
2019,2020,2021,2022,0.5114727049981269,0.492998577985432,0.62,1.0,separate_platt_plus_game_type_prior_alpha_1.0,R,217024,0.24985908948443084,0.6928653224517964,0.4989344221697785,0.5036908360365674,0.24912154696639416,-0.0007375425180366768
2019,2020,2021,2022,0.5114727049981269,0.492998577985432,0.62,1.0,separate_platt_plus_game_type_prior_alpha_1.0,F,30448,0.21102028887107288,0.6135802328952091,0.6409641240110101,0.7087493431424067,0.24912154696639416,0.03810125809532128
2019,2020,2021,2022,0.5114727049981269,0.492998577985432,0.62,,separate_model_platt_R1_F1,overall,247472,0.24452025726674834,0.6818524829211742,0.5378787479276573,0.5289204435249241,0.24912154696639416,0.004601289699645822
2019,2020,2021,2022,0.5114727049981269,0.492998577985432,0.62,,separate_model_platt_R1_F1,R,217024,0.24986504310480684,0.6928777083262859,0.5145264477372073,0.5036908360365674,0.24912154696639416,-0.0007434961384126804
2019,2020,2021,2022,0.5114727049981269,0.492998577985432,0.62,,separate_model_platt_R1_F1,F,30448,0.20642426404161635,0.60326805969735,0.7043267772409856,0.7087493431424067,0.24912154696639416,0.04269728292477781
2019,2020,2021,2022,0.5114727049981269,0.492998577985432,0.62,,separate_model_platt_plus_global_prior,overall,247472,0.24732473143131434,0.687773502807178,0.5180742157305096,0.5289204435249241,0.24912154696639416,0.001796815535079821
2019,2020,2021,2022,0.5114727049981269,0.492998577985432,0.62,,separate_model_platt_plus_global_prior,R,217024,0.24994686316940717,0.6930408901263954,0.512236140682897,0.5036908360365674,0.24912154696639416,-0.0008253162030130157
2019,2020,2021,2022,0.5114727049981269,0.492998577985432,0.62,,separate_model_platt_plus_global_prior,F,30448,0.22863498109211772,0.6502291824719892,0.5596862230588415,0.7087493431424067,0.24912154696639416,0.02048656587427644
2019,2021,2022,2023,0.5129662444084708,0.48532710191145156,0.62,,raw_model,overall,245525,0.2542368694346819,0.7021798832570163,0.5387933677062605,0.49995723449750534,0.2502058103292603,-0.004031059105421564
2019,2021,2022,2023,0.5129662444084708,0.48532710191145156,0.62,,raw_model,R,219839,0.25166489054721886,0.6965691539635609,0.5289428879019464,0.5031181910398064,0.2502058103292603,-0.0014590802179585416
2019,2021,2022,2023,0.5129662444084708,0.48532710191145156,0.62,,raw_model,F,25686,0.2762496883493034,0.7502004826942181,0.6231007581018309,0.47290352721326795,0.2502058103292603,-0.0260438780200431
2019,2021,2022,2023,0.5129662444084708,0.48532710191145156,0.62,,global_platt,overall,245525,0.25233600891363844,0.6980165787350958,0.530580405031529,0.49995723449750534,0.2502058103292603,-0.002130198584378129
2019,2021,2022,2023,0.5129662444084708,0.48532710191145156,0.62,,global_platt,R,219839,0.25063752128221106,0.6944478402652466,0.5229231417249305,0.5031181910398064,0.2502058103292603,-0.0004317109529507479
2019,2021,2022,2023,0.5129662444084708,0.48532710191145156,0.62,,global_platt,F,25686,0.2668728703325187,0.7285603728826154,0.5961166935957009,0.47290352721326795,0.2502058103292603,-0.016667060003258405
2019,2021,2022,2023,0.5129662444084708,0.48532710191145156,0.62,,global_linear_prior,overall,245525,0.2501692325099754,0.6934857591900527,0.5129662444084708,0.49995723449750534,0.2502058103292603,3.657781928489978e-05
2019,2021,2022,2023,0.5129662444084708,0.48532710191145156,0.62,,global_linear_prior,R,219839,0.25008726103979134,0.6933217794846358,0.5129662444084708,0.5031181910398064,0.2502058103292603,0.00011854928946897214
2019,2021,2022,2023,0.5129662444084708,0.48532710191145156,0.62,,global_linear_prior,F,25686,0.2508708024715807,0.6948892137746199,0.5129662444084708,0.47290352721326795,0.2502058103292603,-0.0006649921423204086
2019,2021,2022,2023,0.5129662444084708,0.48532710191145156,0.62,,current_best_global_prior_w075,overall,245525,0.2502058103292603,0.6935605260486172,0.5173697845642353,0.49995723449750534,0.2502058103292603,0.0
2019,2021,2022,2023,0.5129662444084708,0.48532710191145156,0.62,,current_best_global_prior_w075,R,219839,0.24989716080863428,0.6929414125060561,0.5154554687375857,0.5031181910398064,0.2502058103292603,0.00030864952062603646
2019,2021,2022,2023,0.5129662444084708,0.48532710191145156,0.62,,current_best_global_prior_w075,F,25686,0.2528474517668106,0.6988593387124443,0.5337538567052783,0.47290352721326795,0.2502058103292603,-0.0026416414375503017
2019,2021,2022,2023,0.5129662444084708,0.48532710191145156,0.62,,separate_platt,overall,245525,0.25540559788770534,0.7049792102374621,0.5275760288244229,0.49995723449750534,0.2502058103292603,-0.005199787558445024
2019,2021,2022,2023,0.5129662444084708,0.48532710191145156,0.62,,separate_platt,R,219839,0.24974954477249467,0.6926461009484743,0.5066411528197406,0.5031181910398064,0.2502058103292603,0.00045626555676564484
2019,2021,2022,2023,0.5129662444084708,0.48532710191145156,0.62,,separate_platt,F,25686,0.3038141107271816,0.8105347040076784,0.7067515410097893,0.47290352721326795,0.2502058103292603,-0.053608300397921305
2019,2021,2022,2023,0.5129662444084708,0.5102023301587689,0.5236696199676237,0.1,game_type_prior_alpha_0.1,overall,245525,0.2502290350150064,0.6936056058893489,0.5116112327390776,0.49995723449750534,0.2502058103292603,-2.3224685746059404e-05
2019,2021,2022,2023,0.5129662444084708,0.5102023301587689,0.5236696199676237,0.1,game_type_prior_alpha_0.1,R,219839,0.2500404619116961,0.6932281300674609,0.510202330158769,0.5031181910398064,0.2502058103292603,0.00016534841756421503
2019,2021,2022,2023,0.5129662444084708,0.5102023301587689,0.5236696199676237,0.1,game_type_prior_alpha_0.1,F,25686,0.25184297733606176,0.6968363116126242,0.5236696199676238,0.47290352721326795,0.2502058103292603,-0.0016371670068014432
2019,2021,2022,2023,0.5129662444084708,0.5102023301587689,0.5236696199676237,0.1,global_platt_plus_game_type_prior_alpha_0.1,overall,245525,0.25027280756232806,0.6936959905079785,0.5163535258121903,0.49995723449750534,0.2502058103292603,-6.699723306774485e-05
2019,2021,2022,2023,0.5129662444084708,0.5102023301587689,0.5236696199676237,0.1,global_platt_plus_game_type_prior_alpha_0.1,R,219839,0.2498503091045507,0.6928476433203574,0.5133825330503093,0.5031181910398064,0.2502058103292603,0.0003555012247096201
2019,2021,2022,2023,0.5129662444084708,0.5102023301587689,0.5236696199676237,0.1,global_platt_plus_game_type_prior_alpha_0.1,F,25686,0.25388884892569,0.7009567472384707,0.541781388374643,0.47290352721326795,0.2502058103292603,-0.0036830385964297108
2019,2021,2022,2023,0.5129662444084708,0.5102023301587689,0.5236696199676237,0.1,separate_platt_plus_game_type_prior_alpha_0.1,overall,245525,0.25076785967607945,0.69469764513344,0.5156024317604138,0.49995723449750534,0.2502058103292603,-0.0005620493468191379
2019,2021,2022,2023,0.5129662444084708,0.5102023301587689,0.5236696199676237,0.1,separate_platt_plus_game_type_prior_alpha_0.1,R,219839,0.2498609165248193,0.6928689215874936,0.509312035824012,0.5031181910398064,0.2502058103292603,0.0003448938044410266
2019,2021,2022,2023,0.5129662444084708,0.5102023301587689,0.5236696199676237,0.1,separate_platt_plus_game_type_prior_alpha_0.1,F,25686,0.2585301222093613,0.7103491578492114,0.569440100228165,0.47290352721326795,0.2502058103292603,-0.008324311880100965
2019,2021,2022,2023,0.5129662444084708,0.507438415909067,0.5343729955267766,0.2,game_type_prior_alpha_0.2,overall,245525,0.250326487819047,0.6938013627812167,0.5102562210696838,0.49995723449750534,0.2502058103292603,-0.00012067748978666915
2019,2021,2022,2023,0.5129662444084708,0.507438415909067,0.5343729955267766,0.2,game_type_prior_alpha_0.2,R,219839,0.25000894122756023,0.693165068417096,0.5074384159090669,0.5031181910398064,0.2502058103292603,0.0001968691017000812
2019,2021,2022,2023,0.5129662444084708,0.507438415909067,0.5343729955267766,0.2,game_type_prior_alpha_0.2,F,25686,0.2530442766972633,0.6992472210975739,0.5343729955267768,0.47290352721326795,0.2502058103292603,-0.002838466368003001
2019,2021,2022,2023,0.5129662444084708,0.507438415909067,0.5343729955267766,0.2,global_platt_plus_game_type_prior_alpha_0.2,overall,245525,0.2503609830885888,0.693874705004471,0.5153372670601453,0.49995723449750534,0.2502058103292603,-0.0001551727593284702
2019,2021,2022,2023,0.5129662444084708,0.507438415909067,0.5343729955267766,0.2,global_platt_plus_game_type_prior_alpha_0.2,R,219839,0.2498120515251943,0.6927710910902772,0.5113095973630328,0.5031181910398064,0.2502058103292603,0.0003937588040660023
2019,2021,2022,2023,0.5129662444084708,0.507438415909067,0.5343729955267766,0.2,global_platt_plus_game_type_prior_alpha_0.2,F,25686,0.2550591286139748,0.7033202153713044,0.5498089200440077,0.47290352721326795,0.2502058103292603,-0.00485331828471447
2019,2021,2022,2023,0.5129662444084708,0.507438415909067,0.5343729955267766,0.2,separate_platt_plus_game_type_prior_alpha_0.2,overall,245525,0.2509176017874166,0.6950045697510779,0.5145861730083686,0.49995723449750534,0.2502058103292603,-0.0007117914581563078
2019,2021,2022,2023,0.5129662444084708,0.507438415909067,0.5343729955267766,0.2,separate_platt_plus_game_type_prior_alpha_0.2,R,219839,0.24983953470339357,0.6928261691159873,0.5072391001367355,0.5031181910398064,0.2502058103292603,0.00036627562586674656
2019,2021,2022,2023,0.5129662444084708,0.507438415909067,0.5343729955267766,0.2,separate_platt_plus_game_type_prior_alpha_0.2,F,25686,0.260144464268322,0.7136488669253246,0.5774676318975298,0.47290352721326795,0.2502058103292603,-0.009938653939061681
2019,2021,2022,2023,0.5129662444084708,0.504674501659365,0.5450763710859295,0.3,game_type_prior_alpha_0.3,overall,245525,0.25046159092209735,0.6940734911675903,0.5089012094002907,0.49995723449750534,0.2502058103292603,-0.00025578059283704047
2019,2021,2022,2023,0.5129662444084708,0.504674501659365,0.5450763710859295,0.3,game_type_prior_alpha_0.3,R,219839,0.2499926989873838,0.6931325787459303,0.5046745016593652,0.5031181910398064,0.2502058103292603,0.00021311134187651515
2019,2021,2022,2023,0.5129662444084708,0.504674501659365,0.5450763710859295,0.3,game_type_prior_alpha_0.3,F,25686,0.25447470055518545,0.702126486801995,0.5450763710859297,0.47290352721326795,0.2502058103292603,-0.004268890225925137
2019,2021,2022,2023,0.5129662444084708,0.504674501659365,0.5450763710859295,0.3,global_platt_plus_game_type_prior_alpha_0.3,overall,245525,0.25047033690804243,0.6940969570913847,0.5143210083081001,0.49995723449750534,0.2502058103292603,-0.0002645265787821205
2019,2021,2022,2023,0.5129662444084708,0.504674501659365,0.5450763710859295,0.3,global_platt_plus_game_type_prior_alpha_0.3,R,219839,0.24978238807056513,0.6927117461149395,0.5092366616757563,0.5031181910398064,0.2502058103292603,0.000423422258695183
2019,2021,2022,2023,0.5129662444084708,0.504674501659365,0.5450763710859295,0.3,global_platt_plus_game_type_prior_alpha_0.3,F,25686,0.25635829083166484,0.7059525747761463,0.5578364517133724,0.47290352721326795,0.2502058103292603,-0.006152480502404523
2019,2021,2022,2023,0.5129662444084708,0.504674501659365,0.5450763710859295,0.3,separate_platt_plus_game_type_prior_alpha_0.3,overall,245525,0.2510885221919468,0.6953563494265034,0.5135699142563236,0.49995723449750534,0.2502058103292603,-0.0008827118626864583
2019,2021,2022,2023,0.5129662444084708,0.504674501659365,0.5450763710859295,0.3,separate_platt_plus_game_type_prior_alpha_0.3,R,219839,0.2498267470066951,0.6928006059944081,0.5051661644494589,0.5031181910398064,0.2502058103292603,0.0003790633225652096
2019,2021,2022,2023,0.5129662444084708,0.504674501659365,0.5450763710859295,0.3,separate_platt_plus_game_type_prior_alpha_0.3,F,25686,0.26188768885668806,0.7172302138027553,0.5854951635668946,0.47290352721326795,0.2502058103292603,-0.011681878527427747
2019,2021,2022,2023,0.5129662444084708,0.4991466731599612,0.5664831222042355,0.5,game_type_prior_alpha_0.5,overall,245525,0.2508447480252272,0.6948494400546159,0.5061911860615038,0.49995723449750534,0.2502058103292603,-0.0006389376959669013
2019,2021,2022,2023,0.5129662444084708,0.4991466731599612,0.5664831222042355,0.5,game_type_prior_alpha_0.5,R,219839,0.2500060498389091,0.6931592802502182,0.4991466731599612,0.5031181910398064,0.2502058103292603,0.00019976049035119736
2019,2021,2022,2023,0.5129662444084708,0.4991466731599612,0.5664831222042355,0.5,game_type_prior_alpha_0.5,F,25686,0.25802292176119146,0.7093150260251448,0.5664831222042356,0.47290352721326795,0.2502058103292603,-0.007817111431931145
2019,2021,2022,2023,0.5129662444084708,0.4991466731599612,0.5664831222042355,0.5,global_platt_plus_game_type_prior_alpha_0.5,overall,245525,0.25075257942652857,0.6946734707769903,0.5122884908040101,0.49995723449750534,0.2502058103292603,-0.0005467690972682515
2019,2021,2022,2023,0.5129662444084708,0.4991466731599612,0.5664831222042355,0.5,global_platt_plus_game_type_prior_alpha_0.5,R,219839,0.2497488435354882,0.6926446480381213,0.5050907903012034,0.5031181910398064,0.2502058103292603,0.0004569667937721067
2019,2021,2022,2023,0.5129662444084708,0.4991466731599612,0.5664831222042355,0.5,global_platt_plus_game_type_prior_alpha_0.5,F,25686,0.2593432628552609,0.7120375742609983,0.5738915150521018,0.47290352721326795,0.2502058103292603,-0.009137452526000567
2019,2021,2022,2023,0.5129662444084708,0.4991466731599612,0.5664831222042355,0.5,separate_platt_plus_game_type_prior_alpha_0.5,overall,245525,0.25149389788058596,0.6961965895348429,0.5115373967522335,0.49995723449750534,0.2502058103292603,-0.0012880875513256451
2019,2021,2022,2023,0.5129662444084708,0.4991466731599612,0.5664831222042355,0.5,separate_platt_plus_game_type_prior_alpha_0.5,R,219839,0.24982695398747956,0.6928010319086103,0.501020293074906,0.5031181910398064,0.2502058103292603,0.00037885634178075334
2019,2021,2022,2023,0.5129662444084708,0.4991466731599612,0.5664831222042355,0.5,separate_platt_plus_game_type_prior_alpha_0.5,F,25686,0.26576078562163596,0.7252581792332534,0.6015502269056239,0.47290352721326795,0.2502058103292603,-0.01555497529237565
2019,2021,2022,2023,0.5129662444084708,0.49361884466055733,0.5878898733225413,0.7,game_type_prior_alpha_0.7,overall,245525,0.2513785063243959,0.6959401583340262,0.5034811627227168,0.49995723449750534,0.2502058103292603,-0.0011726959951355864
2019,2021,2022,2023,0.5129662444084708,0.49361884466055733,0.5878898733225413,0.7,game_type_prior_alpha_0.7,R,219839,0.2500805144662723,0.6933082204469776,0.49361884466055717,0.5031181910398064,0.2502058103292603,0.00012529586298803963
2019,2021,2022,2023,0.5129662444084708,0.49361884466055733,0.5878898733225413,0.7,game_type_prior_alpha_0.7,F,25686,0.26248764095407956,0.7184661488794953,0.587889873322541,0.47290352721326795,0.2502058103292603,-0.012281830624819245
2019,2021,2022,2023,0.5129662444084708,0.49361884466055733,0.5878898733225413,0.7,global_platt_plus_game_type_prior_alpha_0.7,overall,245525,0.2511195351177865,0.6954288449392441,0.5102559732999199,0.49995723449750534,0.2502058103292603,-0.0009137247885261934
2019,2021,2022,2023,0.5129662444084708,0.49361884466055733,0.5878898733225413,0.7,global_platt_plus_game_type_prior_alpha_0.7,R,219839,0.24974967549931998,0.6926463070997395,0.5009449189266506,0.5031181910398064,0.2502058103292603,0.0004561348299403356
2019,2021,2022,2023,0.5129662444084708,0.49361884466055733,0.5878898733225413,0.7,global_platt_plus_game_type_prior_alpha_0.7,F,25686,0.2628437649964781,0.7192437766568656,0.5899465783908312,0.47290352721326795,0.2502058103292603,-0.012637954667217788
2019,2021,2022,2023,0.5129662444084708,0.49361884466055733,0.5878898733225413,0.7,separate_platt_plus_game_type_prior_alpha_0.7,overall,245525,0.25198398674199696,0.6972232032274258,0.5095048792481434,0.49995723449750534,0.2502058103292603,-0.0017781764127366428
2019,2021,2022,2023,0.5129662444084708,0.49361884466055733,0.5878898733225413,0.7,separate_platt_plus_game_type_prior_alpha_0.7,R,219839,0.24986153746717274,0.6928701852771456,0.49687442170035323,0.5031181910398064,0.2502058103292603,0.00034427286208757457
2019,2021,2022,2023,0.5129662444084708,0.49361884466055733,0.5878898733225413,0.7,separate_platt_plus_game_type_prior_alpha_0.7,F,25686,0.27014941250420516,0.7344794172417396,0.6176052902443533,0.47290352721326795,0.2502058103292603,-0.01994360217494484
2019,2021,2022,2023,0.5129662444084708,0.48532710191145156,0.62,1.0,game_type_prior_alpha_1.0,overall,245525,0.25246152101572167,0.6981877587438821,0.4994161277145366,0.49995723449750534,0.2502058103292603,-0.002255710686461354
2019,2021,2022,2023,0.5129662444084708,0.48532710191145156,0.62,1.0,game_type_prior_alpha_1.0,R,219839,0.2503067997370124,0.693761018108615,0.4853271019114515,0.5031181910398064,0.2502058103292603,-0.00010098940775210563
2019,2021,2022,2023,0.5129662444084708,0.48532710191145156,0.62,1.0,game_type_prior_alpha_1.0,F,25686,0.27090315346881566,0.7360749437674938,0.62,0.47290352721326795,0.2502058103292603,-0.020697343139555346
2019,2021,2022,2023,0.5129662444084708,0.48532710191145156,0.62,1.0,global_platt_plus_game_type_prior_alpha_1.0,overall,245525,0.25182880585362066,0.696906719357575,0.5072071970437847,0.49995723449750534,0.2502058103292603,-0.0016229955243603489
2019,2021,2022,2023,0.5129662444084708,0.48532710191145156,0.62,1.0,global_platt_plus_game_type_prior_alpha_1.0,R,219839,0.24981537938052134,0.6927776934275971,0.4947261118648213,0.5031181910398064,0.2502058103292603,0.00039043094873897344
2019,2021,2022,2023,0.5129662444084708,0.48532710191145156,0.62,1.0,global_platt_plus_game_type_prior_alpha_1.0,F,25686,0.2690611371788437,0.732245850846339,0.6140291733989252,0.47290352721326795,0.2502058103292603,-0.01885532684958341
2019,2021,2022,2023,0.5129662444084708,0.48532710191145156,0.62,1.0,separate_platt_plus_game_type_prior_alpha_1.0,overall,245525,0.2528779572330606,0.6991257827163856,0.5064561029920082,0.49995723449750534,0.2502058103292603,-0.0026721469038002987
2019,2021,2022,2023,0.5129662444084708,0.48532710191145156,0.62,1.0,separate_platt_plus_game_type_prior_alpha_1.0,R,219839,0.24997786862216623,0.6931028183651258,0.4906556146385238,0.5031181910398064,0.2502058103292603,0.000227941707094087
2019,2021,2022,2023,0.5129662444084708,0.48532710191145156,0.62,1.0,separate_platt_plus_game_type_prior_alpha_1.0,F,25686,0.27769897179859865,0.7506745820629809,0.6416878852524474,0.47290352721326795,0.2502058103292603,-0.027493161469338334
2019,2021,2022,2023,0.5129662444084708,0.48532710191145156,0.62,,separate_model_platt_R1_F1,overall,245525,0.2556188042698084,0.7054346180496031,0.5273909562839252,0.49995723449750534,0.2502058103292603,-0.005412993940548061
2019,2021,2022,2023,0.5129662444084708,0.48532710191145156,0.62,,separate_model_platt_R1_F1,R,219839,0.24988691162996676,0.6929214870619409,0.5062486043334234,0.5031181910398064,0.2502058103292603,0.00031889869929355164
2019,2021,2022,2023,0.5129662444084708,0.48532710191145156,0.62,,separate_model_platt_R1_F1,F,25686,0.3046764055331481,0.812530865156847,0.708342194719117,0.47290352721326795,0.2502058103292603,-0.054470595203887806
2019,2021,2022,2023,0.5129662444084708,0.48532710191145156,0.62,,separate_model_platt_plus_global_prior,overall,245525,0.25068645257980615,0.6945297949315486,0.5165724223773344,0.49995723449750534,0.2502058103292603,-0.0004806422505458374
2019,2021,2022,2023,0.5129662444084708,0.48532710191145156,0.62,,separate_model_platt_plus_global_prior,R,219839,0.24993018986580165,0.6930075072871055,0.511286834389709,0.5031181910398064,0.2502058103292603,0.00027562046345866453
2019,2021,2022,2023,0.5129662444084708,0.48532710191145156,0.62,,separate_model_platt_plus_global_prior,F,25686,0.2571590850949522,0.7075586119317331,0.5618102319861323,0.47290352721326795,0.2502058103292603,-0.006953274765691908
2019,2022,2023,2024,0.4918391589212803,0.484403916504359,0.5389880436295726,,raw_model,overall,253507,0.25605369623086216,0.7060923799584506,0.5333742859831672,0.4861049201797189,0.2498460321791497,-0.006207664051712469
2019,2022,2023,2024,0.4918391589212803,0.484403916504359,0.5389880436295726,,raw_model,R,223497,0.25205262347629986,0.6973317434447731,0.5191314123134976,0.4897067969592433,0.2498460321791497,-0.0022065912971501733
2019,2022,2023,2024,0.4918391589212803,0.484403916504359,0.5389880436295726,,raw_model,F,30010,0.28585135559195557,0.7713364978823883,0.6394469129925018,0.45928023992002664,0.2498460321791497,-0.03600532341280588
2019,2022,2023,2024,0.4918391589212803,0.484403916504359,0.5389880436295726,,global_platt,overall,253507,0.2500249677510503,0.6931975969299533,0.5003080196545674,0.4861049201797189,0.2498460321791497,-0.00017893557190062914
2019,2022,2023,2024,0.4918391589212803,0.484403916504359,0.5389880436295726,,global_platt,R,223497,0.24978039621865833,0.6927077930031516,0.4978048782523494,0.4897067969592433,0.2498460321791497,6.563596049136144e-05
2019,2022,2023,2024,0.4918391589212803,0.484403916504359,0.5389880436295726,,global_platt,F,30010,0.2518463940681116,0.6968453712794509,0.5189499588072336,0.45928023992002664,0.2498460321791497,-0.00200036188896191
2019,2022,2023,2024,0.4918391589212803,0.484403916504359,0.5389880436295726,,global_linear_prior,overall,253507,0.2498398082507333,0.6928267745223177,0.4918391589212803,0.4861049201797189,0.2498460321791497,6.2239284163989606e-06
2019,2022,2023,2024,0.4918391589212803,0.484403916504359,0.5389880436295726,,global_linear_prior,R,223497,0.24989859693869892,0.6929443623406837,0.4918391589212803,0.4897067969592433,0.2498460321791497,-5.256475954923401e-05
2019,2022,2023,2024,0.4918391589212803,0.484403916504359,0.5389880436295726,,global_linear_prior,F,30010,0.24940198434555966,0.6919510489427995,0.4918391589212803,0.45928023992002664,0.2498460321791497,0.0004440478335900333
2019,2022,2023,2024,0.4918391589212803,0.484403916504359,0.5389880436295726,,current_best_global_prior_w075,overall,253507,0.2498460321791497,0.6928392092919858,0.4939563741046021,0.4861049201797189,0.2498460321791497,0.0
2019,2022,2023,2024,0.4918391589212803,0.484403916504359,0.5389880436295726,,current_best_global_prior_w075,R,223497,0.24984753397789516,0.6928422099925694,0.49333058875404756,0.4897067969592433,0.2498460321791497,-1.5017987454735149e-06
2019,2022,2023,2024,0.4918391589212803,0.484403916504359,0.5389880436295726,,current_best_global_prior_w075,F,30010,0.24983484765684982,0.692816861821865,0.49861685889276863,0.45928023992002664,0.2498460321791497,1.1184522299867439e-05
2019,2022,2023,2024,0.4918391589212803,0.484403916504359,0.5389880436295726,,separate_platt,overall,253507,0.2497980202218701,0.6927433509879876,0.5003739138365909,0.4861049201797189,0.2498460321791497,4.801195727960339e-05
2019,2022,2023,2024,0.4918391589212803,0.484403916504359,0.5389880436295726,,separate_platt,R,223497,0.24998794407743283,0.6931236745913205,0.5044521764673052,0.4897067969592433,0.2498460321791497,-0.00014191189828313688
2019,2022,2023,2024,0.4918391589212803,0.484403916504359,0.5389880436295726,,separate_platt,F,30010,0.2483835779710638,0.6899109223184083,0.47000138923889795,0.45928023992002664,0.2498460321791497,0.0014624542080858838
2019,2022,2023,2024,0.4918391589212803,0.49109563467958817,0.4965540473921095,0.1,game_type_prior_alpha_0.1,overall,253507,0.24987647690740022,0.692900121387472,0.491741798160292,0.4861049201797189,0.2498460321791497,-3.0444728250533792e-05
2019,2022,2023,2024,0.4918391589212803,0.49109563467958817,0.4965540473921095,0.1,game_type_prior_alpha_0.1,R,223497,0.24989597884137518,0.692939124629092,0.49109563467958817,0.4897067969592433,0.2498460321791497,-4.994666222549182e-05
2019,2022,2023,2024,0.4918391589212803,0.49109563467958817,0.4965540473921095,0.1,game_type_prior_alpha_0.1,F,30010,0.2497312378624953,0.6926096479622016,0.49655404739210957,0.45928023992002664,0.2498460321791497,0.00011479431665439854
2019,2022,2023,2024,0.4918391589212803,0.49109563467958817,0.4965540473921095,0.1,global_platt_plus_game_type_prior_alpha_0.1,overall,253507,0.24987715681520567,0.6929014571981842,0.49388335353386076,0.4861049201797189,0.2498460321791497,-3.112463605597915e-05
2019,2022,2023,2024,0.4918391589212803,0.49109563467958817,0.4965540473921095,0.1,global_platt_plus_game_type_prior_alpha_0.1,R,223497,0.24984380337824338,0.692834743494187,0.4927729455727785,0.4897067969592433,0.2498460321791497,2.228800906306505e-06
2019,2022,2023,2024,0.4918391589212803,0.49109563467958817,0.4965540473921095,0.1,global_platt_plus_game_type_prior_alpha_0.1,F,30010,0.25012555378624074,0.6933983020066556,0.5021530252458904,0.45928023992002664,0.2498460321791497,-0.0002795216070910489
2019,2022,2023,2024,0.4918391589212803,0.49109563467958817,0.4965540473921095,0.1,separate_platt_plus_game_type_prior_alpha_0.1,overall,253507,0.24971396159157708,0.6925749648491066,0.49389982707936675,0.4861049201797189,0.2498460321791497,0.00013207058757261358
2019,2022,2023,2024,0.4918391589212803,0.49109563467958817,0.4965540473921095,0.1,separate_platt_plus_game_type_prior_alpha_0.1,R,223497,0.2497787672214013,0.69270459272256,0.4944347701265175,0.4897067969592433,0.2498460321791497,6.726495774839192e-05
2019,2022,2023,2024,0.4918391589212803,0.49109563467958817,0.4965540473921095,0.1,separate_platt_plus_game_type_prior_alpha_0.1,F,30010,0.24923132700814374,0.6916095719522994,0.48991588285380655,0.45928023992002664,0.2498460321791497,0.0006147051710059526
2019,2022,2023,2024,0.4918391589212803,0.49035211043789606,0.5012689358629387,0.2,game_type_prior_alpha_0.2,overall,253507,0.24991938352173013,0.6929859347454157,0.4916444373993034,0.4861049201797189,0.2498460321791497,-7.335134258043552e-05
2019,2022,2023,2024,0.4918391589212803,0.49035211043789606,0.5012689358629387,0.2,game_type_prior_alpha_0.2,R,223497,0.2498944664006475,0.6929360987157721,0.49035211043789595,0.4897067969592433,0.2498460321791497,-4.8434221497806185e-05
2019,2022,2023,2024,0.4918391589212803,0.49035211043789606,0.5012689358629387,0.2,game_type_prior_alpha_0.2,F,30010,0.25010495172601566,0.6933570844660838,0.5012689358629387,0.45928023992002664,0.2498460321791497,-0.0002589195468659655
2019,2022,2023,2024,0.4918391589212803,0.49035211043789606,0.5012689358629387,0.2,global_platt_plus_game_type_prior_alpha_0.2,overall,253507,0.249911790302447,0.6929707266045004,0.4938103329631195,0.4861049201797189,0.2498460321791497,-6.57581232973159e-05
2019,2022,2023,2024,0.4918391589212803,0.49035211043789606,0.5012689358629387,0.2,global_platt_plus_game_type_prior_alpha_0.2,R,223497,0.2498406947104268,0.6928285206515875,0.4922153023915094,0.4897067969592433,0.2498460321791497,5.3374687228879836e-06
2019,2022,2023,2024,0.4918391589212803,0.49035211043789606,0.5012689358629387,0.2,global_platt_plus_game_type_prior_alpha_0.2,F,30010,0.2504412688605856,0.6940297937107379,0.5056891915990125,0.45928023992002664,0.2498460321791497,-0.0005952366814359067
2019,2022,2023,2024,0.4918391589212803,0.49035211043789606,0.5012689358629387,0.2,separate_platt_plus_game_type_prior_alpha_0.2,overall,253507,0.24973671591431484,0.6926204838659162,0.4938268065086254,0.4861049201797189,0.2498460321791497,0.00010931626483484669
2019,2022,2023,2024,0.4918391589212803,0.49035211043789606,0.5012689358629387,0.2,separate_platt_plus_game_type_prior_alpha_0.2,R,223497,0.249773805143323,0.6926946587361148,0.4938771269452484,0.4897067969592433,0.2498460321791497,7.2227035826683e-05
2019,2022,2023,2024,0.4918391589212803,0.49035211043789606,0.5012689358629387,0.2,separate_platt_plus_game_type_prior_alpha_0.2,F,30010,0.24946049694011804,0.6920680726374993,0.4934520492069286,0.45928023992002664,0.2498460321791497,0.000385535239031648
2019,2022,2023,2024,0.4918391589212803,0.48960858619620384,0.505983824333768,0.3,game_type_prior_alpha_0.3,overall,253507,0.24996852809372283,0.6930842296729591,0.49154707663831526,0.4861049201797189,0.2498460321791497,-0.00012249591457313969
2019,2022,2023,2024,0.4918391589212803,0.48960858619620384,0.505983824333768,0.3,game_type_prior_alpha_0.3,R,223497,0.24989405961651567,0.6929352848315107,0.48960858619620407,0.4897067969592433,0.2498460321791497,-4.8027437365982806e-05
2019,2022,2023,2024,0.4918391589212803,0.48960858619620384,0.505983824333768,0.3,game_type_prior_alpha_0.3,F,30010,0.25052312593612075,0.6941934840957903,0.5059838243337681,0.45928023992002664,0.2498460321791497,-0.0006770937569710589
2019,2022,2023,2024,0.4918391589212803,0.48960858619620384,0.505983824333768,0.3,global_platt_plus_game_type_prior_alpha_0.3,overall,253507,0.24994993264087367,0.6930470263673134,0.4937373123923781,0.4861049201797189,0.2498460321791497,-0.00010390046172398248
2019,2022,2023,2024,0.4918391589212803,0.48960858619620384,0.505983824333768,0.3,global_platt_plus_game_type_prior_alpha_0.3,R,223497,0.24983820797444545,0.6928235415325703,0.49165765921024024,0.4897067969592433,0.2498460321791497,7.824204704243165e-06
2019,2022,2023,2024,0.4918391589212803,0.48960858619620384,0.505983824333768,0.3,global_platt_plus_game_type_prior_alpha_0.3,F,30010,0.2507819928798843,0.6947114112427073,0.5092253579521344,0.45928023992002664,0.2498460321791497,-0.0009359607007345949
2019,2022,2023,2024,0.4918391589212803,0.48960858619620384,0.505983824333768,0.3,separate_platt_plus_game_type_prior_alpha_0.3,overall,253507,0.24976297908823794,0.6926730101143486,0.4937537859378841,0.4861049201797189,0.2498460321791497,8.305309091174995e-05
2019,2022,2023,2024,0.4918391589212803,0.48960858619620384,0.505983824333768,0.3,separate_platt_plus_game_type_prior_alpha_0.3,R,223497,0.24976946499707997,0.6926859682145189,0.4933194837639792,0.4897067969592433,0.2498460321791497,7.656718206972002e-05
2019,2022,2023,2024,0.4918391589212803,0.48960858619620384,0.505983824333768,0.3,separate_platt_plus_game_type_prior_alpha_0.3,F,30010,0.2497146758170463,0.6925765057320166,0.49698821556005046,0.45928023992002664,0.2498460321791497,0.00013135636210340196
2019,2022,2023,2024,0.4918391589212803,0.48812153771281963,0.5154136012754265,0.5,game_type_prior_alpha_0.5,overall,253507,0.25008553111069687,0.6933183528124173,0.49135235511633835,0.4861049201797189,0.2498460321791497,-0.00023949893154717738
2019,2022,2023,2024,0.4918391589212803,0.48812153771281963,0.5154136012754265,0.5,game_type_prior_alpha_0.5,R,223497,0.24989656301804017,0.6929402942203422,0.48812153771281963,0.4897067969592433,0.2498460321791497,-5.0530838890477936e-05
2019,2022,2023,2024,0.4918391589212803,0.48812153771281963,0.5154136012754265,0.5,game_type_prior_alpha_0.5,F,30010,0.2514928553960853,0.6961339129974567,0.5154136012754265,0.45928023992002664,0.2498460321791497,-0.0016468232169356
2019,2022,2023,2024,0.4918391589212803,0.48812153771281963,0.5154136012754265,0.5,global_platt_plus_game_type_prior_alpha_0.5,overall,253507,0.2500367438712831,0.6932207613675232,0.4935912712508957,0.4861049201797189,0.2498460321791497,-0.0001907116921334162
2019,2022,2023,2024,0.4918391589212803,0.48812153771281963,0.5154136012754265,0.5,global_platt_plus_game_type_prior_alpha_0.5,R,223497,0.24983510029798847,0.6928173147829402,0.4905423728477021,0.4897067969592433,0.2498460321791497,1.0931881161219126e-05
2019,2022,2023,2024,0.4918391589212803,0.48812153771281963,0.5154136012754265,0.5,global_platt_plus_game_type_prior_alpha_0.5,F,30010,0.2515384677533435,0.6962253965329539,0.5162976906583783,0.45928023992002664,0.2498460321791497,-0.0016924355741937958
2019,2022,2023,2024,0.4918391589212803,0.48812153771281963,0.5154136012754265,0.5,separate_platt_plus_game_type_prior_alpha_0.5,overall,253507,0.24982603198964026,0.6927991039569142,0.4936077447964015,0.4861049201797189,0.2498460321791497,2.0000189509428168e-05
2019,2022,2023,2024,0.4918391589212803,0.48812153771281963,0.5154136012754265,0.5,separate_platt_plus_game_type_prior_alpha_0.5,R,223497,0.24976265050009952,0.692672317772736,0.49220419740144106,0.4897067969592433,0.2498460321791497,8.338167905017069e-05
2019,2022,2023,2024,0.4918391589212803,0.48812153771281963,0.5154136012754265,0.5,separate_platt_plus_game_type_prior_alpha_0.5,F,30010,0.25029806040576447,0.6937433336072083,0.5040605482662943,0.45928023992002664,0.2498460321791497,-0.0004520282266147757
2019,2022,2023,2024,0.4918391589212803,0.4866344892294354,0.5248433782170849,0.7,game_type_prior_alpha_0.7,overall,253507,0.2502274859583223,0.6936027249140533,0.49115763359436154,0.4861049201797189,0.2498460321791497,-0.0003814537791725914
2019,2022,2023,2024,0.4918391589212803,0.4866344892294354,0.5248433782170849,0.7,game_type_prior_alpha_0.7,R,223497,0.24990348904594833,0.692954155230195,0.48663448922943525,0.4897067969592433,0.2498460321791497,-5.7456866798644146e-05
2019,2022,2023,2024,0.4918391589212803,0.4866344892294354,0.5248433782170849,0.7,game_type_prior_alpha_0.7,F,30010,0.2526404262423887,0.6984328941454189,0.5248433782170849,0.45928023992002664,0.2498460321791497,-0.002794394063239003
2019,2022,2023,2024,0.4918391589212803,0.4866344892294354,0.5248433782170849,0.7,global_platt_plus_game_type_prior_alpha_0.7,overall,253507,0.2501375905064339,0.6934227690910295,0.49344523010941316,0.4861049201797189,0.2498460321791497,-0.0002915583272842248
2019,2022,2023,2024,0.4918391589212803,0.4866344892294354,0.5248433782170849,0.7,global_platt_plus_game_type_prior_alpha_0.7,R,223497,0.2498344803488724,0.6928160639735593,0.4894270864851639,0.4897067969592433,0.2498460321791497,1.1551830277289898e-05
2019,2022,2023,2024,0.4918391589212803,0.4866344892294354,0.5248433782170849,0.7,global_platt_plus_game_type_prior_alpha_0.7,F,30010,0.2523949784066183,0.697941155416895,0.5233700233646221,0.45928023992002664,0.2498460321791497,-0.002548946227468596
2019,2022,2023,2024,0.4918391589212803,0.4866344892294354,0.5248433782170849,0.7,separate_platt_plus_game_type_prior_alpha_0.7,overall,253507,0.24990312029578404,0.6929533035259782,0.493461703654919,0.4861049201797189,0.2498460321791497,-5.708811663435176e-05
2019,2022,2023,2024,0.4918391589212803,0.4866344892294354,0.5248433782170849,0.7,separate_platt_plus_game_type_prior_alpha_0.7,R,223497,0.24975832373046003,0.6926636419038451,0.4910889110389029,0.4897067969592433,0.2498460321791497,8.770844868966066e-05
2019,2022,2023,2024,0.4918391589212803,0.4866344892294354,0.5248433782170849,0.7,separate_platt_plus_game_type_prior_alpha_0.7,F,30010,0.25098148077429827,0.695110534567694,0.5111328809725382,0.45928023992002664,0.2498460321791497,-0.0011354485951485804
2019,2022,2023,2024,0.4918391589212803,0.484403916504359,0.5389880436295726,1.0,game_type_prior_alpha_1.0,overall,253507,0.2504872029122318,0.6941242392152837,0.4908655513113965,0.4861049201797189,0.2498460321791497,-0.0006411707330821192
2019,2022,2023,2024,0.4918391589212803,0.484403916504359,0.5389880436295726,1.0,game_type_prior_alpha_1.0,R,223497,0.2499221705122806,0.6929915500197819,0.48440391650435904,0.4897067969592433,0.2498460321791497,-7.613833313091511e-05
2019,2022,2023,2024,0.4918391589212803,0.484403916504359,0.5389880436295726,1.0,game_type_prior_alpha_1.0,F,30010,0.2546952351112288,0.7025598485830629,0.5389880436295726,0.45928023992002664,0.2498460321791497,-0.004849202932079133
2019,2022,2023,2024,0.4918391589212803,0.484403916504359,0.5389880436295726,1.0,global_platt_plus_game_type_prior_alpha_1.0,overall,253507,0.2503151768430503,0.6937790978020182,0.4932261683971893,0.4861049201797189,0.2498460321791497,-0.0004691446639006336
2019,2022,2023,2024,0.4918391589212803,0.484403916504359,0.5389880436295726,1.0,global_platt_plus_game_type_prior_alpha_1.0,R,223497,0.24983821491396255,0.6928235196067095,0.4877541569413566,0.4897067969592433,0.2498460321791497,7.817265187143319e-06
2019,2022,2023,2024,0.4918391589212803,0.484403916504359,0.5389880436295726,1.0,global_platt_plus_game_type_prior_alpha_1.0,F,30010,0.25386731147368474,0.7008956876026473,0.5339785224239879,0.45928023992002664,0.2498460321791497,-0.004021279294535052
2019,2022,2023,2024,0.4918391589212803,0.484403916504359,0.5389880436295726,1.0,separate_platt_plus_game_type_prior_alpha_1.0,overall,253507,0.2500450691388898,0.6932374967551631,0.4932426419426951,0.4861049201797189,0.2498460321791497,-0.0001990369597401065
2019,2022,2023,2024,0.4918391589212803,0.484403916504359,0.5389880436295726,1.0,separate_platt_plus_game_type_prior_alpha_1.0,R,223497,0.24975649806476505,0.6926599568989271,0.4894159814950956,0.4897067969592433,0.2498460321791497,8.953411438464287e-05
2019,2022,2023,2024,0.4918391589212803,0.484403916504359,0.5389880436295726,1.0,separate_platt_plus_game_type_prior_alpha_1.0,F,30010,0.25219417841425323,0.6975386772033192,0.5217413800319041,0.45928023992002664,0.2498460321791497,-0.002348146235103543
2019,2022,2023,2024,0.4918391589212803,0.484403916504359,0.5389880436295726,,separate_model_platt_R1_F1,overall,253507,0.24992296416626428,0.692993866050744,0.5003480640818453,0.4861049201797189,0.2498460321791497,-7.693198711458682e-05
2019,2022,2023,2024,0.4918391589212803,0.484403916504359,0.5389880436295726,,separate_model_platt_R1_F1,R,223497,0.2501248441161416,0.6933981180276415,0.5040506361939522,0.4897067969592433,0.2498460321791497,-0.0002788119369919184
2019,2022,2023,2024,0.4918391589212803,0.484403916504359,0.5389880436295726,,separate_model_platt_R1_F1,F,30010,0.24841947988909896,0.6899832327924753,0.4727734636373409,0.45928023992002664,0.2498460321791497,0.001426552290050731
2019,2022,2023,2024,0.4918391589212803,0.484403916504359,0.5389880436295726,,separate_model_platt_plus_global_prior,overall,253507,0.2497356059487138,0.6926182634279257,0.4939663852114215,0.4861049201797189,0.2498460321791497,0.0001104262304358894
2019,2022,2023,2024,0.4918391589212803,0.484403916504359,0.5389880436295726,,separate_model_platt_plus_global_prior,R,223497,0.2498243889193606,0.6927958694693643,0.4948920282394482,0.4897067969592433,0.2498460321791497,2.164325978909476e-05
2019,2022,2023,2024,0.4918391589212803,0.484403916504359,0.5389880436295726,,separate_model_platt_plus_global_prior,F,30010,0.24907440209697604,0.6912955570819274,0.4870727351002955,0.45928023992002664,0.2498460321791497,0.0007716300821736521
